<?xml version="1.0" encoding="ASCII"?>
<!DOCTYPE nm:output SYSTEM "output.dtd">
<nm:output
xmlns:xsi="http://www.w3.org/2001/XMLSchema-instance"
xsi:schemaLocation="http://namespaces.oreilly.com/xmlnut/address output.xsd"
xmlns:nm="http://namespaces.oreilly.com/xmlnut/address"
>
<nm:start_datetime>2023-05-17T12:01:12.400</nm:start_datetime>
<nm:control_stream><![CDATA[
$PROB Warfarin PKPD; run005

;O'Reilly RA, Aggeler PM. Studies on coumarin anticoagulant drugs
;Initiation of warfarin therapy without a loading dose.
;Circulation 1968;38:169-177
;
;O'Reilly RA, Aggeler PM, Leong LS. Studies of the coumarin anticoagulant
;drugs: The pharmacodynamics of warfarin in man.
;Journal of Clinical Investigation 1963;42(10):1542-1551


$INPUT ID TIME AMT DV EVID WT AGE SEX SPARSE
$DATA warfarin_PKS.csv IGNORE=@

$SUBR ADVAN13 TOL=9
$MODEL
   COMP=GUT
   COMP=CENTRAL
$PK
	POP_ka  = THETA(1)
	POP_cl  = THETA(2)
	POP_v   = THETA(3)

    ka = exp(POP_ka+ETA(1))
    cl = exp(POP_cl+ETA(2))
    v = exp(POP_v+ETA(3))

$DES
    gut   = A(1)
    center= A(2)

    DADT(1) = -ka * gut
    DADT(2) =  ka * gut - cl / v * center

$ERROR
    CONC   = A(2)/v
	IPRED  = CONC
    RESCV  = THETA(4)
	RESADD = THETA(5)
    W      = SQRT(IPRED*IPRED*RESCV*RESCV+RESADD*RESADD)	
    IRES   = DV-IPRED
    IWRES  = IRES/W
    Y      = IPRED + W*EPS(1)

$THETA 0.15 ; log ka
$THETA  -2  ; log cl
$THETA   2  ; log v
$THETA 0.2  ; EPS_prop
$THETA 0.5  ; EPS_pkadd

$OMEGA
1   ; ETA_ka
1   ; ETA_cl
1   ; ETA_v

$SIGMA   1 FIX


$EST METHOD=1 INTERACTION MAXEVAL=9999 SIGL=5 PRINT=10 NOHABORT
$COV UNCONDITIONAL
$TABLE ID TIME AMT DV EVID WT AGE SEX SPARSE Y ka cl v IRES IWRES IPRED ETAS(1:LAST)
ONEHEADER NOPRINT FILE=run005.csv
]]></nm:control_stream>
<nm:nmtran><![CDATA[

 WARNINGS AND ERRORS (IF ANY) FOR PROBLEM    1

 (WARNING  2) NM-TRAN INFERS THAT THE DATA ARE POPULATION.
]]></nm:nmtran>
<nm:nonmem nm:version='7.5.0'>
<nm:license_information><![CDATA[
License Registered to: Occams Cooperatie UA
Expiration Date:    14 JUN 2024
Current Date:       17 MAY 2023
Days until program expires : 392
]]></nm:license_information>
<nm:program_information><![CDATA[
1NONLINEAR MIXED EFFECTS MODEL PROGRAM (NONMEM) VERSION 7.5.0
 ORIGINALLY DEVELOPED BY STUART BEAL, LEWIS SHEINER, AND ALISON BOECKMANN
 CURRENT DEVELOPERS ARE ROBERT BAUER, ICON DEVELOPMENT SOLUTIONS,
 AND ALISON BOECKMANN. IMPLEMENTATION, EFFICIENCY, AND STANDARDIZATION
 PERFORMED BY NOUS INFOSYSTEMS.
]]></nm:program_information>
<nm:problem nm:number='1' nm:subproblem='0' nm:superproblem1='0' nm:iteration1='0' nm:superproblem2='0' nm:iteration2='0'>
<nm:problem_title>Warfarin PKPD; run005</nm:problem_title>
<nm:problem_information><![CDATA[

 PROBLEM NO.:         1
 Warfarin PKPD; run005
0DATA CHECKOUT RUN:              NO
 DATA SET LOCATED ON UNIT NO.:    2
 THIS UNIT TO BE REWOUND:        NO
 NO. OF DATA RECS IN DATA SET:      283
 NO. OF DATA ITEMS IN DATA SET:  10
 ID DATA ITEM IS DATA ITEM NO.:   1
 DEP VARIABLE IS DATA ITEM NO.:   4
 MDV DATA ITEM IS DATA ITEM NO.: 10
0INDICES PASSED TO SUBROUTINE PRED:
   5   2   3   0   0   0   0   0   0   0   0
0LABELS FOR DATA ITEMS:
 ID TIME AMT DV EVID WT AGE SEX SPARSE MDV
0(NONBLANK) LABELS FOR PRED-DEFINED ITEMS:
 ka cl v IPRED IRES IWRES Y
0FORMAT FOR DATA:
 (9E5.0,1F2.0)

 TOT. NO. OF OBS RECS:      251
 TOT. NO. OF INDIVIDUALS:       32
0LENGTH OF THETA:   5
0DEFAULT THETA BOUNDARY TEST OMITTED:    NO
0OMEGA HAS SIMPLE DIAGONAL FORM WITH DIMENSION:   3
0DEFAULT OMEGA BOUNDARY TEST OMITTED:    NO
0SIGMA HAS SIMPLE DIAGONAL FORM WITH DIMENSION:   1
0DEFAULT SIGMA BOUNDARY TEST OMITTED:    NO
0INITIAL ESTIMATE OF THETA:
   0.1500E+00 -0.2000E+01  0.2000E+01  0.2000E+00  0.5000E+00
0INITIAL ESTIMATE OF OMEGA:
 0.1000E+01
 0.0000E+00   0.1000E+01
 0.0000E+00   0.0000E+00   0.1000E+01
0INITIAL ESTIMATE OF SIGMA:
 0.1000E+01
0SIGMA CONSTRAINED TO BE THIS INITIAL ESTIMATE
0COVARIANCE STEP OMITTED:        NO
 EIGENVLS. PRINTED:              NO
 SPECIAL COMPUTATION:            NO
 COMPRESSED FORMAT:              NO
 GRADIENT METHOD USED:     NOSLOW
 SIGDIGITS ETAHAT (SIGLO):                  -1
 SIGDIGITS GRADIENTS (SIGL):                -1
 EXCLUDE COV FOR FOCE (NOFCOV):              NO
 Cholesky Transposition of R Matrix (CHOLROFF):0
 KNUTHSUMOFF:                                -1
 RESUME COV ANALYSIS (RESUME):               NO
 SIR SAMPLE SIZE (SIRSAMPLE):
 NON-LINEARLY TRANSFORM THETAS DURING COV (THBND): 1
 PRECONDTIONING CYCLES (PRECOND):        0
 PRECONDTIONING TYPES (PRECONDS):        TOS
 FORCED PRECONDTIONING CYCLES (PFCOND):0
 PRECONDTIONING TYPE (PRETYPE):        0
 FORCED POS. DEFINITE SETTING DURING PRECONDITIONING: (FPOSDEF):0
 SIMPLE POS. DEFINITE SETTING: (POSDEF):-1
0TABLES STEP OMITTED:    NO
 NO. OF TABLES:           1
 SEED NUMBER (SEED):    11456
 RANMETHOD:             3U
 MC SAMPLES (ESAMPLE):    300
 WRES SQUARE ROOT TYPE (WRESCHOL): EIGENVALUE
0-- TABLE   1 --
0RECORDS ONLY:    ALL
04 COLUMNS APPENDED:    YES
 PRINTED:                NO
 HEADER:                YES
 FILE TO BE FORWARDED:   NO
 FORMAT:                S1PE11.4
 IDFORMAT:
 LFORMAT:
 RFORMAT:
 FIXED_EFFECT_ETAS:
0USER-CHOSEN ITEMS:
 ID TIME AMT DV EVID WT AGE SEX SPARSE Y ka cl v IRES IWRES IPRED ETA1 ETA2 ETA3
1DOUBLE PRECISION PREDPP VERSION 7.5.0

 GENERAL NONLINEAR KINETICS MODEL WITH STIFF/NONSTIFF EQUATIONS (LSODA, ADVAN13)
0MODEL SUBROUTINE USER-SUPPLIED - ID NO. 9999
0MAXIMUM NO. OF BASIC PK PARAMETERS:   3
0COMPARTMENT ATTRIBUTES
 COMPT. NO.   FUNCTION   INITIAL    ON/OFF      DOSE      DEFAULT    DEFAULT
                         STATUS     ALLOWED    ALLOWED    FOR DOSE   FOR OBS.
    1         GUT          ON         YES        YES        YES        NO
    2         CENTRAL      ON         YES        YES        NO         YES
    3         OUTPUT       OFF        YES        NO         NO         NO
 INITIAL (BASE) TOLERANCE SETTINGS:
 NRD (RELATIVE) VALUE(S) OF TOLERANCE:   9
 ANRD (ABSOLUTE) VALUE(S) OF TOLERANCE:  12
1
 ADDITIONAL PK PARAMETERS - ASSIGNMENT OF ROWS IN GG
 COMPT. NO.                             INDICES
              SCALE      BIOAVAIL.   ZERO-ORDER  ZERO-ORDER  ABSORB
                         FRACTION    RATE        DURATION    LAG
    1            *           *           *           *           *
    2            *           *           *           *           *
    3            *           -           -           -           -
             - PARAMETER IS NOT ALLOWED FOR THIS MODEL
             * PARAMETER IS NOT SUPPLIED BY PK SUBROUTINE;
               WILL DEFAULT TO ONE IF APPLICABLE
0DATA ITEM INDICES USED BY PRED ARE:
   EVENT ID DATA ITEM IS DATA ITEM NO.:      5
   TIME DATA ITEM IS DATA ITEM NO.:          2
   DOSE AMOUNT DATA ITEM IS DATA ITEM NO.:   3

0PK SUBROUTINE CALLED WITH EVERY EVENT RECORD.
 PK SUBROUTINE NOT CALLED AT NONEVENT (ADDITIONAL OR LAGGED) DOSE TIMES.
0ERROR SUBROUTINE CALLED WITH EVERY EVENT RECORD.
0ERROR SUBROUTINE INDICATES THAT DERIVATIVES OF COMPARTMENT AMOUNTS ARE USED.
0DES SUBROUTINE USES COMPACT STORAGE MODE.
]]></nm:problem_information>
<nm:problem_options
 nm:data_checkout_run='no' nm:data_unit='2' nm:data_rewind='no' nm:data_nrec='283' nm:data_nitems='10' nm:data_id='1'
 nm:data_l2='0' nm:data_dv='4' nm:data_mdv='10' nm:data_mrg='0' nm:data_raw='0' nm:data_rpt='0' nm:data_sub_array1='0'
 nm:data_sub_array2='0' nm:data_sub_array3='0' nm:data_pred_indices='5,2,3,0,0,0,0,0,0,0,0'
 nm:data_format='(9e5.0,1f2.0)' nm:data_nobs='251' nm:data_nind='32' nm:data_mdv100='0' nm:nthetat='5'
 nm:theta_bound_test_omitted='no' nm:omega_diagdim='3' nm:omega_bound_test_omitted='no' nm:sigma_diagdim='1'
 nm:sigma_bound_test_omitted='no' nm:cov_omitted='no' nm:cov_matrix='rsr' nm:cov_eigen_print='no'
 nm:cov_special='no' nm:cov_compressed='no' nm:cov_slow_gradient='noslow' nm:cov_siglocov='-1' nm:cov_siglcov='-1'
 nm:cov_tol='-1' nm:cov_atol='-1' nm:cov_nofcov='no' nm:cov_cholroff='0' nm:cov_knuthsumoff='-1' nm:cov_resume='no'
 nm:cov_sirsample='BLANK' nm:cov_thbnd='1' nm:cov_precond='0' nm:cov_preconds='tos' nm:cov_pfcond='0'
 nm:cov_pretype='0' nm:cov_fposdef='0' nm:cov_posdef='-1' nm:tab_omitted='no' nm:tab_number='1' nm:tab_seed='11456'
 nm:tab_clockseed='11456' nm:tab_ranmethod='3u' nm:tab_esample='300' nm:tab_wres='eigenvalue'
 nm:tab_fixedetas_01='BLANK' nm:pred_advan='13' nm:pred_evid='5' nm:pred_time='2' nm:pred_amt='3'
/>
<nm:estimation nm:number='1' nm:type='0'>
<nm:table_series>1</nm:table_series>
<nm:estimation_method>focei</nm:estimation_method>
<nm:estimation_title>First Order Conditional Estimation with Interaction</nm:estimation_title>
<nm:estimation_information><![CDATA[
 ESTIMATION STEP OMITTED:                 NO
 ANALYSIS TYPE:                           POPULATION
 NUMBER OF SADDLE POINT RESET ITERATIONS:      0
 GRADIENT METHOD USED:               NOSLOW
 CONDITIONAL ESTIMATES USED:              YES
 CENTERED ETA:                            NO
 EPS-ETA INTERACTION:                     YES
 LAPLACIAN OBJ. FUNC.:                    NO
 NO. OF FUNCT. EVALS. ALLOWED:            9999
 NO. OF SIG. FIGURES REQUIRED:            3
 INTERMEDIATE PRINTOUT:                   YES
 ESTIMATE OUTPUT TO MSF:                  NO
 ABORT WITH PRED EXIT CODE 1:             NO
 IND. OBJ. FUNC. VALUES SORTED:           NO
 NUMERICAL DERIVATIVE
       FILE REQUEST (NUMDER):               NONE
 MAP (ETAHAT) ESTIMATION METHOD (OPTMAP):   0
 ETA HESSIAN EVALUATION METHOD (ETADER):    0
 INITIAL ETA FOR MAP ESTIMATION (MCETA):    0
 SIGDIGITS FOR MAP ESTIMATION (SIGLO):      5
 GRADIENT SIGDIGITS OF
       FIXED EFFECTS PARAMETERS (SIGL):     5
 NOPRIOR SETTING (NOPRIOR):                 0
 NOCOV SETTING (NOCOV):                     OFF
 DERCONT SETTING (DERCONT):                 OFF
 FINAL ETA RE-EVALUATION (FNLETA):          1
 EXCLUDE NON-INFLUENTIAL (NON-INFL.) ETAS
       IN SHRINKAGE (ETASTYPE):             NO
 NON-INFL. ETA CORRECTION (NONINFETA):      0
 RAW OUTPUT FILE (FILE): run005.ext
 EXCLUDE TITLE (NOTITLE):                   NO
 EXCLUDE COLUMN LABELS (NOLABEL):           NO
 FORMAT FOR ADDITIONAL FILES (FORMAT):      S1PE12.5
 PARAMETER ORDER FOR OUTPUTS (ORDER):       TSOL
 KNUTHSUMOFF:                               0
 INCLUDE LNTWOPI:                           NO
 INCLUDE CONSTANT TERM TO PRIOR (PRIORC):   NO
 INCLUDE CONSTANT TERM TO OMEGA (ETA) (OLNTWOPI):NO
 ADDITIONAL CONVERGENCE TEST (CTYPE=4)?:    NO
 EM OR BAYESIAN METHOD USED:                 NONE

]]></nm:estimation_information>
<nm:estimation_options
 nm:estim_omitted='no' nm:analysis_type='pop' nm:saddle_reset='0' nm:saddle_hess='0' nm:slow_gradient='noslow'
 nm:cond_estim='yes' nm:centered_eta='no' nm:epseta_interaction='yes' nm:laplace='no' nm:predflag='0' nm:maxfn='9999'
 nm:nsig='3' nm:msfo='no' nm:abort='no' nm:objsort='no' nm:numder='0' nm:optmap='0' nm:etader='0' nm:mceta='0' nm:siglo='5'
 nm:sigl='5' nm:noprior='0' nm:nocov='0' nm:dercont='0' nm:atol='0' nm:fnleta='1' nm:etastype='0' nm:noninfeta='0'
 nm:file='run005.ext' nm:notitle='0' nm:nolabel='0' nm:format='s1pe12.5' nm:order='tsol' nm:knuthsumoff='0'
 nm:lntwopi='0' nm:priorc='0' nm:olntwopi='0' nm:ctype='0'
/>
<nm:monitor>
<nm:obj nm:iteration='0'>558.484996855942</nm:obj>
<nm:obj nm:iteration='10'>429.590743212616</nm:obj>
<nm:obj nm:iteration='20'>423.327278202764</nm:obj>
</nm:monitor>
<nm:termination_status>0</nm:termination_status>
<nm:termination_nfuncevals>249</nm:termination_nfuncevals>
<nm:termination_sigdigits>4.13006445834189</nm:termination_sigdigits>
<nm:termination_information><![CDATA[
0MINIMIZATION SUCCESSFUL
 HOWEVER, PROBLEMS OCCURRED WITH THE MINIMIZATION.
 REGARD THE RESULTS OF THE ESTIMATION STEP CAREFULLY, AND ACCEPT THEM ONLY
 AFTER CHECKING THAT THE COVARIANCE STEP PRODUCES REASONABLE OUTPUT.
 NO. OF FUNCTION EVALUATIONS USED:      249
 NO. OF SIG. DIGITS IN FINAL EST.:  4.1
]]></nm:termination_information>
<nm:termination_txtmsg>
<nm:val nm:name='1'>37</nm:val>
<nm:val nm:name='2'>38</nm:val>
</nm:termination_txtmsg>
<nm:etabar>
<nm:row nm:rname='SUBPOP1'>
<nm:col nm:cname='ETA1'>-3.210617689381547E-002</nm:col>
<nm:col nm:cname='ETA2'>-2.109923329288426E-005</nm:col>
<nm:col nm:cname='ETA3'>-1.030135006300160E-002</nm:col>
</nm:row>
</nm:etabar>
<nm:etabarse>
<nm:row nm:rname='SUBPOP1'>
<nm:col nm:cname='ETA1'>6.495326678699925E-002</nm:col>
<nm:col nm:cname='ETA2'>4.708137005273069E-002</nm:col>
<nm:col nm:cname='ETA3'>3.311670986350803E-002</nm:col>
</nm:row>
</nm:etabarse>
<nm:etabarn>
<nm:row nm:rname='SUBPOP1'>
<nm:col nm:cname='ETA1'>32</nm:col>
<nm:col nm:cname='ETA2'>32</nm:col>
<nm:col nm:cname='ETA3'>32</nm:col>
</nm:row>
</nm:etabarn>
<nm:etabarpval>
<nm:row nm:rname='SUBPOP1'>
<nm:col nm:cname='ETA1'>0.621096740646381</nm:col>
<nm:col nm:cname='ETA2'>0.999642428496327</nm:col>
<nm:col nm:cname='ETA3'>0.755753615972422</nm:col>
</nm:row>
</nm:etabarpval>
<nm:etashrinksd>
<nm:row nm:rname='SUBPOP1'>
<nm:col nm:cname='ETA1'>45.8289017948748</nm:col>
<nm:col nm:cname='ETA2'>3.74443542763623</nm:col>
<nm:col nm:cname='ETA3'>13.3728560543060</nm:col>
</nm:row>
</nm:etashrinksd>
<nm:etashrinkvr>
<nm:row nm:rname='SUBPOP1'>
<nm:col nm:cname='ETA1'>70.6549211925068</nm:col>
<nm:col nm:cname='ETA2'>7.34866288855511</nm:col>
<nm:col nm:cname='ETA3'>24.9573793181200</nm:col>
</nm:row>
</nm:etashrinkvr>
<nm:ebvshrinksd>
<nm:row nm:rname='SUBPOP1'>
<nm:col nm:cname='EBV1'>44.4211244397459</nm:col>
<nm:col nm:cname='EBV2'>5.06704763801875</nm:col>
<nm:col nm:cname='EBV3'>13.9861916154513</nm:col>
</nm:row>
</nm:ebvshrinksd>
<nm:ebvshrinkvr>
<nm:row nm:rname='SUBPOP1'>
<nm:col nm:cname='EBV1'>69.1098859145779</nm:col>
<nm:col nm:cname='EBV2'>9.87734555837800</nm:col>
<nm:col nm:cname='EBV3'>26.0162476718614</nm:col>
</nm:row>
</nm:ebvshrinkvr>
<nm:relativeinf>
<nm:row nm:rname='SUBPOP1'>
<nm:col nm:cname='REL1'>30.6567228716666</nm:col>
<nm:col nm:cname='REL2'>89.4178852869634</nm:col>
<nm:col nm:cname='REL3'>73.9638426404571</nm:col>
</nm:row>
</nm:relativeinf>
<nm:epsshrinksd>
<nm:row nm:rname='SUBPOP1'>
<nm:col nm:cname='EPS1'>13.0284811267762</nm:col>
</nm:row>
</nm:epsshrinksd>
<nm:epsshrinkvr>
<nm:row nm:rname='SUBPOP1'>
<nm:col nm:cname='EPS1'>24.3595490488447</nm:col>
</nm:row>
</nm:epsshrinkvr>
<nm:estimation_elapsed_time>6.48</nm:estimation_elapsed_time>
<nm:covariance_information><![CDATA[
]]></nm:covariance_information>
<nm:covariance_status nm:error='0' nm:numnegeigenvalues='-1' nm:mineigenvalue='0.000000000000000E+000' nm:maxeigenvalue='0.000000000000000E+000' nm:rms='0.000000000000000E+000'/>
<nm:covariance_elapsed_time>3.08</nm:covariance_elapsed_time>
<nm:final_objective_function_text>MINIMUM VALUE OF OBJECTIVE FUNCTION</nm:final_objective_function_text>
<nm:final_objective_function>423.327278202764</nm:final_objective_function>
<nm:theta>
<nm:val nm:name='1'>-0.568792674528011</nm:val>
<nm:val nm:name='2'>-2.00722926460184</nm:val>
<nm:val nm:name='3'>2.05852526179835</nm:val>
<nm:val nm:name='4'>0.117043925551858</nm:val>
<nm:val nm:name='5'>0.722489529093848</nm:val>
</nm:theta>
<nm:omega>
<nm:row nm:rname='1'>
<nm:col nm:cname='1'>0.474903072904540</nm:col>
</nm:row>
<nm:row nm:rname='2'>
<nm:col nm:cname='1'>0.000000000000000E+000</nm:col>
<nm:col nm:cname='2'>7.902868506302958E-002</nm:col>
</nm:row>
<nm:row nm:rname='3'>
<nm:col nm:cname='1'>0.000000000000000E+000</nm:col>
<nm:col nm:cname='2'>0.000000000000000E+000</nm:col>
<nm:col nm:cname='3'>4.827526171607639E-002</nm:col>
</nm:row>
</nm:omega>
<nm:sigma>
<nm:row nm:rname='1'>
<nm:col nm:cname='1'>1.00000000000000</nm:col>
</nm:row>
</nm:sigma>
<nm:omegac>
<nm:row nm:rname='1'>
<nm:col nm:cname='1'>0.689132115711160</nm:col>
</nm:row>
<nm:row nm:rname='2'>
<nm:col nm:cname='1'>0.000000000000000E+000</nm:col>
<nm:col nm:cname='2'>0.281120410256939</nm:col>
</nm:row>
<nm:row nm:rname='3'>
<nm:col nm:cname='1'>0.000000000000000E+000</nm:col>
<nm:col nm:cname='2'>0.000000000000000E+000</nm:col>
<nm:col nm:cname='3'>0.219716321005237</nm:col>
</nm:row>
</nm:omegac>
<nm:sigmac>
<nm:row nm:rname='1'>
<nm:col nm:cname='1'>1.00000000000000</nm:col>
</nm:row>
</nm:sigmac>
<nm:thetase>
<nm:val nm:name='1'>0.246005224832071</nm:val>
<nm:val nm:name='2'>5.384722920319998E-002</nm:val>
<nm:val nm:name='3'>4.599750009884471E-002</nm:val>
<nm:val nm:name='4'>2.653195190932242E-002</nm:val>
<nm:val nm:name='5'>0.153969525206791</nm:val>
</nm:thetase>
<nm:omegase>
<nm:row nm:rname='1'>
<nm:col nm:cname='1'>0.224253299743557</nm:col>
</nm:row>
<nm:row nm:rname='2'>
<nm:col nm:cname='1'>10000000000.0000</nm:col>
<nm:col nm:cname='2'>2.395617861955497E-002</nm:col>
</nm:row>
<nm:row nm:rname='3'>
<nm:col nm:cname='1'>10000000000.0000</nm:col>
<nm:col nm:cname='2'>10000000000.0000</nm:col>
<nm:col nm:cname='3'>1.443585190485233E-002</nm:col>
</nm:row>
</nm:omegase>
<nm:sigmase>
<nm:row nm:rname='1'>
<nm:col nm:cname='1'>10000000000.0000</nm:col>
</nm:row>
</nm:sigmase>
<nm:omegacse>
<nm:row nm:rname='1'>
<nm:col nm:cname='1'>0.162707044578916</nm:col>
</nm:row>
<nm:row nm:rname='2'>
<nm:col nm:cname='1'>10000000000.0000</nm:col>
<nm:col nm:cname='2'>4.260839438456188E-002</nm:col>
</nm:row>
<nm:row nm:rname='3'>
<nm:col nm:cname='1'>10000000000.0000</nm:col>
<nm:col nm:cname='2'>10000000000.0000</nm:col>
<nm:col nm:cname='3'>3.285111419762995E-002</nm:col>
</nm:row>
</nm:omegacse>
<nm:sigmacse>
<nm:row nm:rname='1'>
<nm:col nm:cname='1'>10000000000.0000</nm:col>
</nm:row>
</nm:sigmacse>
<nm:covariance>
<nm:row nm:rname='THETA1'>
<nm:col nm:cname='THETA1'>6.051857064467783E-002</nm:col>
</nm:row>
<nm:row nm:rname='THETA2'>
<nm:col nm:cname='THETA1'>-2.939008195999121E-003</nm:col>
<nm:col nm:cname='THETA2'>2.899524092861953E-003</nm:col>
</nm:row>
<nm:row nm:rname='THETA3'>
<nm:col nm:cname='THETA1'>2.742282058661295E-004</nm:col>
<nm:col nm:cname='THETA2'>7.827627033677273E-004</nm:col>
<nm:col nm:cname='THETA3'>2.115770015343219E-003</nm:col>
</nm:row>
<nm:row nm:rname='THETA4'>
<nm:col nm:cname='THETA1'>-2.329805623015471E-003</nm:col>
<nm:col nm:cname='THETA2'>4.556215066733148E-004</nm:col>
<nm:col nm:cname='THETA3'>1.846514188714317E-004</nm:col>
<nm:col nm:cname='THETA4'>7.039444721185978E-004</nm:col>
</nm:row>
<nm:row nm:rname='THETA5'>
<nm:col nm:cname='THETA1'>-1.575611649152818E-002</nm:col>
<nm:col nm:cname='THETA2'>1.710324440851617E-004</nm:col>
<nm:col nm:cname='THETA3'>-3.874973608751865E-003</nm:col>
<nm:col nm:cname='THETA4'>-6.248176801527266E-004</nm:col>
<nm:col nm:cname='THETA5'>2.370661469240457E-002</nm:col>
</nm:row>
<nm:row nm:rname='OMEGA(1,1)'>
<nm:col nm:cname='THETA1'>2.410679199551470E-002</nm:col>
<nm:col nm:cname='THETA2'>1.195386642227760E-003</nm:col>
<nm:col nm:cname='THETA3'>5.133910020950425E-004</nm:col>
<nm:col nm:cname='THETA4'>9.634452946189182E-004</nm:col>
<nm:col nm:cname='THETA5'>-1.069923430472811E-002</nm:col>
<nm:col nm:cname='OMEGA(1,1)'>5.028954244587340E-002</nm:col>
</nm:row>
<nm:row nm:rname='OMEGA(1,2)'>
<nm:col nm:cname='THETA1'>0.000000000000000E+000</nm:col>
<nm:col nm:cname='THETA2'>0.000000000000000E+000</nm:col>
<nm:col nm:cname='THETA3'>0.000000000000000E+000</nm:col>
<nm:col nm:cname='THETA4'>0.000000000000000E+000</nm:col>
<nm:col nm:cname='THETA5'>0.000000000000000E+000</nm:col>
<nm:col nm:cname='OMEGA(1,1)'>0.000000000000000E+000</nm:col>
<nm:col nm:cname='OMEGA(1,2)'>0.000000000000000E+000</nm:col>
</nm:row>
<nm:row nm:rname='OMEGA(1,3)'>
<nm:col nm:cname='THETA1'>0.000000000000000E+000</nm:col>
<nm:col nm:cname='THETA2'>0.000000000000000E+000</nm:col>
<nm:col nm:cname='THETA3'>0.000000000000000E+000</nm:col>
<nm:col nm:cname='THETA4'>0.000000000000000E+000</nm:col>
<nm:col nm:cname='THETA5'>0.000000000000000E+000</nm:col>
<nm:col nm:cname='OMEGA(1,1)'>0.000000000000000E+000</nm:col>
<nm:col nm:cname='OMEGA(1,2)'>0.000000000000000E+000</nm:col>
<nm:col nm:cname='OMEGA(1,3)'>0.000000000000000E+000</nm:col>
</nm:row>
<nm:row nm:rname='OMEGA(2,2)'>
<nm:col nm:cname='THETA1'>2.593996130506731E-004</nm:col>
<nm:col nm:cname='THETA2'>3.743824983201301E-004</nm:col>
<nm:col nm:cname='THETA3'>-2.321146720113251E-004</nm:col>
<nm:col nm:cname='THETA4'>-1.362540862985103E-004</nm:col>
<nm:col nm:cname='THETA5'>-4.623200144891149E-004</nm:col>
<nm:col nm:cname='OMEGA(1,1)'>9.924289733462374E-004</nm:col>
<nm:col nm:cname='OMEGA(1,2)'>0.000000000000000E+000</nm:col>
<nm:col nm:cname='OMEGA(1,3)'>0.000000000000000E+000</nm:col>
<nm:col nm:cname='OMEGA(2,2)'>5.738984940520226E-004</nm:col>
</nm:row>
<nm:row nm:rname='OMEGA(2,3)'>
<nm:col nm:cname='THETA1'>0.000000000000000E+000</nm:col>
<nm:col nm:cname='THETA2'>0.000000000000000E+000</nm:col>
<nm:col nm:cname='THETA3'>0.000000000000000E+000</nm:col>
<nm:col nm:cname='THETA4'>0.000000000000000E+000</nm:col>
<nm:col nm:cname='THETA5'>0.000000000000000E+000</nm:col>
<nm:col nm:cname='OMEGA(1,1)'>0.000000000000000E+000</nm:col>
<nm:col nm:cname='OMEGA(1,2)'>0.000000000000000E+000</nm:col>
<nm:col nm:cname='OMEGA(1,3)'>0.000000000000000E+000</nm:col>
<nm:col nm:cname='OMEGA(2,2)'>0.000000000000000E+000</nm:col>
<nm:col nm:cname='OMEGA(2,3)'>0.000000000000000E+000</nm:col>
</nm:row>
<nm:row nm:rname='OMEGA(3,3)'>
<nm:col nm:cname='THETA1'>2.238664915926147E-005</nm:col>
<nm:col nm:cname='THETA2'>-4.241226899039390E-005</nm:col>
<nm:col nm:cname='THETA3'>9.669573721148662E-005</nm:col>
<nm:col nm:cname='THETA4'>-6.277353814961344E-005</nm:col>
<nm:col nm:cname='THETA5'>2.190784724778381E-004</nm:col>
<nm:col nm:cname='OMEGA(1,1)'>-3.148764388096671E-004</nm:col>
<nm:col nm:cname='OMEGA(1,2)'>0.000000000000000E+000</nm:col>
<nm:col nm:cname='OMEGA(1,3)'>0.000000000000000E+000</nm:col>
<nm:col nm:cname='OMEGA(2,2)'>8.985753155749510E-005</nm:col>
<nm:col nm:cname='OMEGA(2,3)'>0.000000000000000E+000</nm:col>
<nm:col nm:cname='OMEGA(3,3)'>2.083938202188286E-004</nm:col>
</nm:row>
<nm:row nm:rname='SIGMA(1,1)'>
<nm:col nm:cname='THETA1'>0.000000000000000E+000</nm:col>
<nm:col nm:cname='THETA2'>0.000000000000000E+000</nm:col>
<nm:col nm:cname='THETA3'>0.000000000000000E+000</nm:col>
<nm:col nm:cname='THETA4'>0.000000000000000E+000</nm:col>
<nm:col nm:cname='THETA5'>0.000000000000000E+000</nm:col>
<nm:col nm:cname='OMEGA(1,1)'>0.000000000000000E+000</nm:col>
<nm:col nm:cname='OMEGA(1,2)'>0.000000000000000E+000</nm:col>
<nm:col nm:cname='OMEGA(1,3)'>0.000000000000000E+000</nm:col>
<nm:col nm:cname='OMEGA(2,2)'>0.000000000000000E+000</nm:col>
<nm:col nm:cname='OMEGA(2,3)'>0.000000000000000E+000</nm:col>
<nm:col nm:cname='OMEGA(3,3)'>0.000000000000000E+000</nm:col>
<nm:col nm:cname='SIGMA(1,1)'>0.000000000000000E+000</nm:col>
</nm:row>
</nm:covariance>
<nm:correlation>
<nm:row nm:rname='THETA1'>
<nm:col nm:cname='THETA1'>0.246005224832071</nm:col>
</nm:row>
<nm:row nm:rname='THETA2'>
<nm:col nm:cname='THETA1'>-0.221867201388391</nm:col>
<nm:col nm:cname='THETA2'>5.384722920319998E-002</nm:col>
</nm:row>
<nm:row nm:rname='THETA3'>
<nm:col nm:cname='THETA1'>2.423447200649797E-002</nm:col>
<nm:col nm:cname='THETA2'>0.316033073338452</nm:col>
<nm:col nm:cname='THETA3'>4.599750009884471E-002</nm:col>
</nm:row>
<nm:row nm:rname='THETA4'>
<nm:col nm:cname='THETA1'>-0.356948989313756</nm:col>
<nm:col nm:cname='THETA2'>0.318912581868397</nm:col>
<nm:col nm:cname='THETA3'>0.151303585115161</nm:col>
<nm:col nm:cname='THETA4'>2.653195190932242E-002</nm:col>
</nm:row>
<nm:row nm:rname='THETA5'>
<nm:col nm:cname='THETA1'>-0.415977730797412</nm:col>
<nm:col nm:cname='THETA2'>2.062910424492862E-002</nm:col>
<nm:col nm:cname='THETA3'>-0.547141616817222</nm:col>
<nm:col nm:cname='THETA4'>-0.152949949547678</nm:col>
<nm:col nm:cname='THETA5'>0.153969525206791</nm:col>
</nm:row>
<nm:row nm:rname='OMEGA(1,1)'>
<nm:col nm:cname='THETA1'>0.436974654268435</nm:col>
<nm:col nm:cname='THETA2'>9.899338970937471E-002</nm:col>
<nm:col nm:cname='THETA3'>4.977086419107719E-002</nm:col>
<nm:col nm:cname='THETA4'>0.161926905523881</nm:col>
<nm:col nm:cname='THETA5'>-0.309869681425735</nm:col>
<nm:col nm:cname='OMEGA(1,1)'>0.224253299743557</nm:col>
</nm:row>
<nm:row nm:rname='OMEGA(1,2)'>
<nm:col nm:cname='THETA1'>0.000000000000000E+000</nm:col>
<nm:col nm:cname='THETA2'>0.000000000000000E+000</nm:col>
<nm:col nm:cname='THETA3'>0.000000000000000E+000</nm:col>
<nm:col nm:cname='THETA4'>0.000000000000000E+000</nm:col>
<nm:col nm:cname='THETA5'>0.000000000000000E+000</nm:col>
<nm:col nm:cname='OMEGA(1,1)'>0.000000000000000E+000</nm:col>
<nm:col nm:cname='OMEGA(1,2)'>0.000000000000000E+000</nm:col>
</nm:row>
<nm:row nm:rname='OMEGA(1,3)'>
<nm:col nm:cname='THETA1'>0.000000000000000E+000</nm:col>
<nm:col nm:cname='THETA2'>0.000000000000000E+000</nm:col>
<nm:col nm:cname='THETA3'>0.000000000000000E+000</nm:col>
<nm:col nm:cname='THETA4'>0.000000000000000E+000</nm:col>
<nm:col nm:cname='THETA5'>0.000000000000000E+000</nm:col>
<nm:col nm:cname='OMEGA(1,1)'>0.000000000000000E+000</nm:col>
<nm:col nm:cname='OMEGA(1,2)'>0.000000000000000E+000</nm:col>
<nm:col nm:cname='OMEGA(1,3)'>0.000000000000000E+000</nm:col>
</nm:row>
<nm:row nm:rname='OMEGA(2,2)'>
<nm:col nm:cname='THETA1'>4.401568350783298E-002</nm:col>
<nm:col nm:cname='THETA2'>0.290224876220375</nm:col>
<nm:col nm:cname='THETA3'>-0.210644838329280</nm:col>
<nm:col nm:cname='THETA4'>-0.214369399677185</nm:col>
<nm:col nm:cname='THETA5'>-0.125340199597351</nm:col>
<nm:col nm:cname='OMEGA(1,1)'>0.184732390440400</nm:col>
<nm:col nm:cname='OMEGA(1,2)'>0.000000000000000E+000</nm:col>
<nm:col nm:cname='OMEGA(1,3)'>0.000000000000000E+000</nm:col>
<nm:col nm:cname='OMEGA(2,2)'>2.395617861955497E-002</nm:col>
</nm:row>
<nm:row nm:rname='OMEGA(2,3)'>
<nm:col nm:cname='THETA1'>0.000000000000000E+000</nm:col>
<nm:col nm:cname='THETA2'>0.000000000000000E+000</nm:col>
<nm:col nm:cname='THETA3'>0.000000000000000E+000</nm:col>
<nm:col nm:cname='THETA4'>0.000000000000000E+000</nm:col>
<nm:col nm:cname='THETA5'>0.000000000000000E+000</nm:col>
<nm:col nm:cname='OMEGA(1,1)'>0.000000000000000E+000</nm:col>
<nm:col nm:cname='OMEGA(1,2)'>0.000000000000000E+000</nm:col>
<nm:col nm:cname='OMEGA(1,3)'>0.000000000000000E+000</nm:col>
<nm:col nm:cname='OMEGA(2,2)'>0.000000000000000E+000</nm:col>
<nm:col nm:cname='OMEGA(2,3)'>0.000000000000000E+000</nm:col>
</nm:row>
<nm:row nm:rname='OMEGA(3,3)'>
<nm:col nm:cname='THETA1'>6.303798811493669E-003</nm:col>
<nm:col nm:cname='THETA2'>-5.456142799137289E-002</nm:col>
<nm:col nm:cname='THETA3'>0.145623237396818</nm:col>
<nm:col nm:cname='THETA4'>-0.163894729677775</nm:col>
<nm:col nm:cname='THETA5'>9.856495218241391E-002</nm:col>
<nm:col nm:cname='OMEGA(1,1)'>-9.726551817697608E-002</nm:col>
<nm:col nm:cname='OMEGA(1,2)'>0.000000000000000E+000</nm:col>
<nm:col nm:cname='OMEGA(1,3)'>0.000000000000000E+000</nm:col>
<nm:col nm:cname='OMEGA(2,2)'>0.259833129112800</nm:col>
<nm:col nm:cname='OMEGA(2,3)'>0.000000000000000E+000</nm:col>
<nm:col nm:cname='OMEGA(3,3)'>1.443585190485233E-002</nm:col>
</nm:row>
<nm:row nm:rname='SIGMA(1,1)'>
<nm:col nm:cname='THETA1'>0.000000000000000E+000</nm:col>
<nm:col nm:cname='THETA2'>0.000000000000000E+000</nm:col>
<nm:col nm:cname='THETA3'>0.000000000000000E+000</nm:col>
<nm:col nm:cname='THETA4'>0.000000000000000E+000</nm:col>
<nm:col nm:cname='THETA5'>0.000000000000000E+000</nm:col>
<nm:col nm:cname='OMEGA(1,1)'>0.000000000000000E+000</nm:col>
<nm:col nm:cname='OMEGA(1,2)'>0.000000000000000E+000</nm:col>
<nm:col nm:cname='OMEGA(1,3)'>0.000000000000000E+000</nm:col>
<nm:col nm:cname='OMEGA(2,2)'>0.000000000000000E+000</nm:col>
<nm:col nm:cname='OMEGA(2,3)'>0.000000000000000E+000</nm:col>
<nm:col nm:cname='OMEGA(3,3)'>0.000000000000000E+000</nm:col>
<nm:col nm:cname='SIGMA(1,1)'>0.000000000000000E+000</nm:col>
</nm:row>
</nm:correlation>
<nm:invcovariance>
<nm:row nm:rname='THETA1'>
<nm:col nm:cname='THETA1'>46.5975300403656</nm:col>
</nm:row>
<nm:row nm:rname='THETA2'>
<nm:col nm:cname='THETA1'>-73.6491392069798</nm:col>
<nm:col nm:cname='THETA2'>1044.41412372547</nm:col>
</nm:row>
<nm:row nm:rname='THETA3'>
<nm:col nm:cname='THETA1'>157.886382211949</nm:col>
<nm:col nm:cname='THETA2'>-1145.06615229344</nm:col>
<nm:col nm:cname='THETA3'>2284.28920034997</nm:col>
</nm:row>
<nm:row nm:rname='THETA4'>
<nm:col nm:cname='THETA1'>278.903006850067</nm:col>
<nm:col nm:cname='THETA2'>-1166.43924851804</nm:col>
<nm:col nm:cname='THETA3'>1586.31020724468</nm:col>
<nm:col nm:cname='THETA4'>3834.74157198018</nm:col>
</nm:row>
<nm:row nm:rname='THETA5'>
<nm:col nm:cname='THETA1'>62.6729334994649</nm:col>
<nm:col nm:cname='THETA2'>-315.435243542140</nm:col>
<nm:col nm:cname='THETA3'>588.472686141507</nm:col>
<nm:col nm:cname='THETA4'>567.859651694539</nm:col>
<nm:col nm:cname='THETA5'>214.486969510236</nm:col>
</nm:row>
<nm:row nm:rname='OMEGA(1,1)'>
<nm:col nm:cname='THETA1'>-21.1547977309894</nm:col>
<nm:col nm:cname='THETA2'>25.7142540835356</nm:col>
<nm:col nm:cname='THETA3'>-53.5097285256803</nm:col>
<nm:col nm:cname='THETA4'>-151.497031265014</nm:col>
<nm:col nm:cname='THETA5'>-16.1039196790753</nm:col>
<nm:col nm:cname='OMEGA(1,1)'>33.2309650864758</nm:col>
</nm:row>
<nm:row nm:rname='OMEGA(1,2)'>
<nm:col nm:cname='THETA1'>0.000000000000000E+000</nm:col>
<nm:col nm:cname='THETA2'>0.000000000000000E+000</nm:col>
<nm:col nm:cname='THETA3'>0.000000000000000E+000</nm:col>
<nm:col nm:cname='THETA4'>0.000000000000000E+000</nm:col>
<nm:col nm:cname='THETA5'>0.000000000000000E+000</nm:col>
<nm:col nm:cname='OMEGA(1,1)'>0.000000000000000E+000</nm:col>
<nm:col nm:cname='OMEGA(1,2)'>0.000000000000000E+000</nm:col>
</nm:row>
<nm:row nm:rname='OMEGA(1,3)'>
<nm:col nm:cname='THETA1'>0.000000000000000E+000</nm:col>
<nm:col nm:cname='THETA2'>0.000000000000000E+000</nm:col>
<nm:col nm:cname='THETA3'>0.000000000000000E+000</nm:col>
<nm:col nm:cname='THETA4'>0.000000000000000E+000</nm:col>
<nm:col nm:cname='THETA5'>0.000000000000000E+000</nm:col>
<nm:col nm:cname='OMEGA(1,1)'>0.000000000000000E+000</nm:col>
<nm:col nm:cname='OMEGA(1,2)'>0.000000000000000E+000</nm:col>
<nm:col nm:cname='OMEGA(1,3)'>0.000000000000000E+000</nm:col>
</nm:row>
<nm:row nm:rname='OMEGA(2,2)'>
<nm:col nm:cname='THETA1'>279.784892392717</nm:col>
<nm:col nm:cname='THETA2'>-1938.22457543110</nm:col>
<nm:col nm:cname='THETA3'>2983.98373469145</nm:col>
<nm:col nm:cname='THETA4'>3229.94584042775</nm:col>
<nm:col nm:cname='THETA5'>876.260195292341</nm:col>
<nm:col nm:cname='OMEGA(1,1)'>-154.095087514915</nm:col>
<nm:col nm:cname='OMEGA(1,2)'>0.000000000000000E+000</nm:col>
<nm:col nm:cname='OMEGA(1,3)'>0.000000000000000E+000</nm:col>
<nm:col nm:cname='OMEGA(2,2)'>6582.52268354254</nm:col>
</nm:row>
<nm:row nm:rname='OMEGA(2,3)'>
<nm:col nm:cname='THETA1'>0.000000000000000E+000</nm:col>
<nm:col nm:cname='THETA2'>0.000000000000000E+000</nm:col>
<nm:col nm:cname='THETA3'>0.000000000000000E+000</nm:col>
<nm:col nm:cname='THETA4'>0.000000000000000E+000</nm:col>
<nm:col nm:cname='THETA5'>0.000000000000000E+000</nm:col>
<nm:col nm:cname='OMEGA(1,1)'>0.000000000000000E+000</nm:col>
<nm:col nm:cname='OMEGA(1,2)'>0.000000000000000E+000</nm:col>
<nm:col nm:cname='OMEGA(1,3)'>0.000000000000000E+000</nm:col>
<nm:col nm:cname='OMEGA(2,2)'>0.000000000000000E+000</nm:col>
<nm:col nm:cname='OMEGA(2,3)'>0.000000000000000E+000</nm:col>
</nm:row>
<nm:row nm:rname='OMEGA(3,3)'>
<nm:col nm:cname='THETA1'>-227.733331537608</nm:col>
<nm:col nm:cname='THETA2'>1606.63203425655</nm:col>
<nm:col nm:cname='THETA3'>-2818.25145560447</nm:col>
<nm:col nm:cname='THETA4'>-2066.89338536470</nm:col>
<nm:col nm:cname='THETA5'>-800.582294523862</nm:col>
<nm:col nm:cname='OMEGA(1,1)'>120.284839079042</nm:col>
<nm:col nm:cname='OMEGA(1,2)'>0.000000000000000E+000</nm:col>
<nm:col nm:cname='OMEGA(1,3)'>0.000000000000000E+000</nm:col>
<nm:col nm:cname='OMEGA(2,2)'>-4828.50798109611</nm:col>
<nm:col nm:cname='OMEGA(2,3)'>0.000000000000000E+000</nm:col>
<nm:col nm:cname='OMEGA(3,3)'>8940.51849450110</nm:col>
</nm:row>
<nm:row nm:rname='SIGMA(1,1)'>
<nm:col nm:cname='THETA1'>0.000000000000000E+000</nm:col>
<nm:col nm:cname='THETA2'>0.000000000000000E+000</nm:col>
<nm:col nm:cname='THETA3'>0.000000000000000E+000</nm:col>
<nm:col nm:cname='THETA4'>0.000000000000000E+000</nm:col>
<nm:col nm:cname='THETA5'>0.000000000000000E+000</nm:col>
<nm:col nm:cname='OMEGA(1,1)'>0.000000000000000E+000</nm:col>
<nm:col nm:cname='OMEGA(1,2)'>0.000000000000000E+000</nm:col>
<nm:col nm:cname='OMEGA(1,3)'>0.000000000000000E+000</nm:col>
<nm:col nm:cname='OMEGA(2,2)'>0.000000000000000E+000</nm:col>
<nm:col nm:cname='OMEGA(2,3)'>0.000000000000000E+000</nm:col>
<nm:col nm:cname='OMEGA(3,3)'>0.000000000000000E+000</nm:col>
<nm:col nm:cname='SIGMA(1,1)'>0.000000000000000E+000</nm:col>
</nm:row>
</nm:invcovariance>
</nm:estimation>
<nm:post_process_times>
<nm:post_elapsed_time>0.05</nm:post_elapsed_time>
<nm:finaloutput_elapsed_time>0.04</nm:finaloutput_elapsed_time>
</nm:post_process_times>
</nm:problem>
</nm:nonmem>
<nm:stop_datetime>2023-05-17T12:01:22.305</nm:stop_datetime>
<nm:total_cputime>2.734</nm:total_cputime>
</nm:output>
