<?xml version="1.0" encoding="ASCII"?>
<!DOCTYPE nm:output SYSTEM "output.dtd">
<nm:output
xmlns:xsi="http://www.w3.org/2001/XMLSchema-instance"
xsi:schemaLocation="http://namespaces.oreilly.com/xmlnut/address output.xsd"
xmlns:nm="http://namespaces.oreilly.com/xmlnut/address"
>
<nm:start_datetime>2024-04-10T09:54:28.561</nm:start_datetime>
<nm:control_stream><![CDATA[
$PROB  BRV Adult popPK model ; run025 analysis simulated data

$DATA DAT_A.csv IGNORE=@
$INPUT ID RND OCC TIME MDV AMT SS II DV WT AED

$SUB ADVAN2
$PK

;Allometrically scaled to 70kg WT patient
TVCL   = THETA(2)
TVVC   = THETA(3)
TVKA   = THETA(4)
ALLOCL = THETA(5)
ALLOVC = THETA(6)
AEDCL  = THETA(7)

CL    = EXP(LOG(TVCL) + ALLOCL*(LOG(WT/70)) + AEDCL*AED + ETA(1)) ;Clearance (L/hr)
VC    = EXP(LOG(TVVC) + ALLOVC*(LOG(WT/70)) + ETA(2)) ;Volume (L)
KA    = EXP(LOG(TVKA) + ETA(3)) ;Ka (1/hr)

S2    = VC
K     = CL/VC

$ERROR
IPRED = F
RESCV = THETA(1)
IRES  = DV-IPRED
W     = IPRED*RESCV
IWRES = (DV-IPRED)/W
Y     = IPRED+W*EPS(1)

$THETA  (0.001,0.22);Res.error (SD/mean)
$THETA  (0.001,3.7) ;CL (L/hr)
$THETA  (0.01,50)   ;V (L)
$THETA  (0.01,1.5)  ;Ka (1/hr)
$THETA  0.75 FIX    ;WT on Cl
$THETA  1    FIX    ;WT on V
$THETA  0.2         ;AED effect on CL

$OMEGA .1 .3 1.3

$SIGMA 1 FIXED

$ESTIMATION PRINT=10 MAXEVAL=9999 NOABORT METHOD=1
            POSTHOC INTERACTION NOOBT
$COVARIANCE PRINT=E UNCONDITIONAL
$TABLE
 ID RND WT AED CL VC KA
 ONEHEADER NOPRINT NOAPPEND FIRSTONLY FILE=run025.csv
]]></nm:control_stream>
<nm:nmtran><![CDATA[

 WARNINGS AND ERRORS (IF ANY) FOR PROBLEM    1

 (WARNING  2) NM-TRAN INFERS THAT THE DATA ARE POPULATION.
]]></nm:nmtran>
<nm:nonmem nm:version='7.5.0'>
<nm:license_information><![CDATA[
License Registered to: Occams Cooperatie UA
Expiration Date:    14 JUN 2025
Current Date:       10 APR 2024
Days until program expires : 429
]]></nm:license_information>
<nm:program_information><![CDATA[
1NONLINEAR MIXED EFFECTS MODEL PROGRAM (NONMEM) VERSION 7.5.0
 ORIGINALLY DEVELOPED BY STUART BEAL, LEWIS SHEINER, AND ALISON BOECKMANN
 CURRENT DEVELOPERS ARE ROBERT BAUER, ICON DEVELOPMENT SOLUTIONS,
 AND ALISON BOECKMANN. IMPLEMENTATION, EFFICIENCY, AND STANDARDIZATION
 PERFORMED BY NOUS INFOSYSTEMS.
]]></nm:program_information>
<nm:problem nm:number='1' nm:subproblem='0' nm:superproblem1='0' nm:iteration1='0' nm:superproblem2='0' nm:iteration2='0'>
<nm:problem_title>BRV Adult popPK model ; run025 analysis simulated data</nm:problem_title>
<nm:problem_information><![CDATA[

 PROBLEM NO.:         1
 BRV Adult popPK model ; run025 analysis simulated data
0DATA CHECKOUT RUN:              NO
 DATA SET LOCATED ON UNIT NO.:    2
 THIS UNIT TO BE REWOUND:        NO
 NO. OF DATA RECS IN DATA SET:    10712
 NO. OF DATA ITEMS IN DATA SET:  12
 ID DATA ITEM IS DATA ITEM NO.:   1
 DEP VARIABLE IS DATA ITEM NO.:   9
 MDV DATA ITEM IS DATA ITEM NO.:  5
0INDICES PASSED TO SUBROUTINE PRED:
  12   4   6   0   7   8   0   0   0   0   0
0LABELS FOR DATA ITEMS:
 ID RND OCC TIME MDV AMT SS II DV WT AED EVID
0(NONBLANK) LABELS FOR PRED-DEFINED ITEMS:
 CL VC KA
0FORMAT FOR DATA:
 (E5.0,2E4.0,E8.0,E2.0,E9.0,E2.0,E3.0,E8.0,E5.0,E2.0,1F2.0)

 TOT. NO. OF OBS RECS:     5820
 TOT. NO. OF INDIVIDUALS:     1377
0LENGTH OF THETA:   7
0DEFAULT THETA BOUNDARY TEST OMITTED:    NO
0OMEGA HAS SIMPLE DIAGONAL FORM WITH DIMENSION:   3
0DEFAULT OMEGA BOUNDARY TEST OMITTED:   YES
0SIGMA HAS SIMPLE DIAGONAL FORM WITH DIMENSION:   1
0DEFAULT SIGMA BOUNDARY TEST OMITTED:    NO
0INITIAL ESTIMATE OF THETA:
 LOWER BOUND    INITIAL EST    UPPER BOUND
  0.1000E-02     0.2200E+00     0.1000E+07
  0.1000E-02     0.3700E+01     0.1000E+07
  0.1000E-01     0.5000E+02     0.1000E+07
  0.1000E-01     0.1500E+01     0.1000E+07
  0.7500E+00     0.7500E+00     0.7500E+00
  0.1000E+01     0.1000E+01     0.1000E+01
 -0.1000E+07     0.2000E+00     0.1000E+07
0INITIAL ESTIMATE OF OMEGA:
 0.1000E+00
 0.0000E+00   0.3000E+00
 0.0000E+00   0.0000E+00   0.1300E+01
0INITIAL ESTIMATE OF SIGMA:
 0.1000E+01
0SIGMA CONSTRAINED TO BE THIS INITIAL ESTIMATE
0COVARIANCE STEP OMITTED:        NO
 EIGENVLS. PRINTED:             YES
 SPECIAL COMPUTATION:            NO
 COMPRESSED FORMAT:              NO
 GRADIENT METHOD USED:     NOSLOW
 SIGDIGITS ETAHAT (SIGLO):                  -1
 SIGDIGITS GRADIENTS (SIGL):                -1
 EXCLUDE COV FOR FOCE (NOFCOV):              NO
 Cholesky Transposition of R Matrix (CHOLROFF):0
 KNUTHSUMOFF:                                -1
 RESUME COV ANALYSIS (RESUME):               NO
 SIR SAMPLE SIZE (SIRSAMPLE):
 NON-LINEARLY TRANSFORM THETAS DURING COV (THBND): 1
 PRECONDTIONING CYCLES (PRECOND):        0
 PRECONDTIONING TYPES (PRECONDS):        TOS
 FORCED PRECONDTIONING CYCLES (PFCOND):0
 PRECONDTIONING TYPE (PRETYPE):        0
 FORCED POS. DEFINITE SETTING DURING PRECONDITIONING: (FPOSDEF):0
 SIMPLE POS. DEFINITE SETTING: (POSDEF):-1
0TABLES STEP OMITTED:    NO
 NO. OF TABLES:           1
 SEED NUMBER (SEED):    11456
 RANMETHOD:             3U
 MC SAMPLES (ESAMPLE):    300
 WRES SQUARE ROOT TYPE (WRESCHOL): EIGENVALUE
0-- TABLE   1 --
0RECORDS ONLY:    FIRSTONLY
04 COLUMNS APPENDED:    NO
 PRINTED:                NO
 HEADERS:               ONE
 FILE TO BE FORWARDED:   NO
 FORMAT:                S1PE11.4
 IDFORMAT:
 LFORMAT:
 RFORMAT:
 FIXED_EFFECT_ETAS:
0USER-CHOSEN ITEMS:
 ID RND WT AED CL VC KA
1DOUBLE PRECISION PREDPP VERSION 7.5.0

 ONE COMPARTMENT MODEL WITH FIRST-ORDER ABSORPTION (ADVAN2)
0MAXIMUM NO. OF BASIC PK PARAMETERS:   3
0BASIC PK PARAMETERS (AFTER TRANSLATION):
   ELIMINATION RATE (K) IS BASIC PK PARAMETER NO.:  1
   ABSORPTION RATE (KA) IS BASIC PK PARAMETER NO.:  3

0COMPARTMENT ATTRIBUTES
 COMPT. NO.   FUNCTION   INITIAL    ON/OFF      DOSE      DEFAULT    DEFAULT
                         STATUS     ALLOWED    ALLOWED    FOR DOSE   FOR OBS.
    1         DEPOT        OFF        YES        YES        YES        NO
    2         CENTRAL      ON         NO         YES        NO         YES
    3         OUTPUT       OFF        YES        NO         NO         NO
1
 ADDITIONAL PK PARAMETERS - ASSIGNMENT OF ROWS IN GG
 COMPT. NO.                             INDICES
              SCALE      BIOAVAIL.   ZERO-ORDER  ZERO-ORDER  ABSORB
                         FRACTION    RATE        DURATION    LAG
    1            *           *           *           *           *
    2            4           *           *           *           *
    3            *           -           -           -           -
             - PARAMETER IS NOT ALLOWED FOR THIS MODEL
             * PARAMETER IS NOT SUPPLIED BY PK SUBROUTINE;
               WILL DEFAULT TO ONE IF APPLICABLE
0DATA ITEM INDICES USED BY PRED ARE:
   EVENT ID DATA ITEM IS DATA ITEM NO.:     12
   TIME DATA ITEM IS DATA ITEM NO.:          4
   DOSE AMOUNT DATA ITEM IS DATA ITEM NO.:   6
   STEADY STATE DATA ITEM IS DATA ITEM NO.:  7
   INTERVAL DATA ITEM IS DATA ITEM NO.:      8

0PK SUBROUTINE CALLED WITH EVERY EVENT RECORD.
 PK SUBROUTINE NOT CALLED AT NONEVENT (ADDITIONAL OR LAGGED) DOSE TIMES.
0ERROR SUBROUTINE CALLED WITH EVERY EVENT RECORD.
]]></nm:problem_information>
<nm:problem_options
 nm:data_checkout_run='no' nm:data_unit='2' nm:data_rewind='no' nm:data_nrec='10712' nm:data_nitems='12'
 nm:data_id='1' nm:data_l2='0' nm:data_dv='9' nm:data_mdv='5' nm:data_mrg='0' nm:data_raw='0' nm:data_rpt='0'
 nm:data_sub_array1='0' nm:data_sub_array2='0' nm:data_sub_array3='0'
 nm:data_pred_indices='12,4,6,0,7,8,0,0,0,0,0'
 nm:data_format='(e5.0,2e4.0,e8.0,e2.0,e9.0,e2.0,e3.0,e8.0,e5.0,e2.0,1f2.0)' nm:data_nobs='5820'
 nm:data_nind='1377' nm:data_mdv100='0' nm:nthetat='7' nm:theta_bound_test_omitted='no' nm:omega_diagdim='3'
 nm:omega_bound_test_omitted='no' nm:sigma_diagdim='1' nm:sigma_bound_test_omitted='no' nm:cov_omitted='no'
 nm:cov_matrix='rsr' nm:cov_eigen_print='yes' nm:cov_special='no' nm:cov_compressed='no'
 nm:cov_slow_gradient='noslow' nm:cov_siglocov='-1' nm:cov_siglcov='-1' nm:cov_tol='-1' nm:cov_atol='-1'
 nm:cov_nofcov='no' nm:cov_cholroff='0' nm:cov_knuthsumoff='-1' nm:cov_resume='no' nm:cov_sirsample='BLANK'
 nm:cov_thbnd='1' nm:cov_precond='0' nm:cov_preconds='tos' nm:cov_pfcond='0' nm:cov_pretype='0' nm:cov_fposdef='0'
 nm:cov_posdef='-1' nm:tab_omitted='no' nm:tab_number='1' nm:tab_seed='11456' nm:tab_clockseed='11456'
 nm:tab_ranmethod='3u' nm:tab_esample='300' nm:tab_wres='eigenvalue' nm:tab_fixedetas_01='BLANK' nm:pred_advan='2'
 nm:pred_evid='12' nm:pred_time='4' nm:pred_amt='6' nm:pred_ss='7' nm:pred_ii='8'
/>
<nm:theta_lb>
<nm:val nm:name='1'>1.000000000000000E-003</nm:val>
<nm:val nm:name='2'>1.000000000000000E-003</nm:val>
<nm:val nm:name='3'>1.000000000000000E-002</nm:val>
<nm:val nm:name='4'>1.000000000000000E-002</nm:val>
<nm:val nm:name='5'>0.750000000000000</nm:val>
<nm:val nm:name='6'>1.00000000000000</nm:val>
<nm:val nm:name='7'>-1000000.00000000</nm:val>
</nm:theta_lb>
<nm:theta_in>
<nm:val nm:name='1'>0.220000000000000</nm:val>
<nm:val nm:name='2'>3.70000000000000</nm:val>
<nm:val nm:name='3'>50.0000000000000</nm:val>
<nm:val nm:name='4'>1.50000000000000</nm:val>
<nm:val nm:name='5'>0.750000000000000</nm:val>
<nm:val nm:name='6'>1.00000000000000</nm:val>
<nm:val nm:name='7'>0.200000000000000</nm:val>
</nm:theta_in>
<nm:theta_ub>
<nm:val nm:name='1'>1000000.00000000</nm:val>
<nm:val nm:name='2'>1000000.00000000</nm:val>
<nm:val nm:name='3'>1000000.00000000</nm:val>
<nm:val nm:name='4'>1000000.00000000</nm:val>
<nm:val nm:name='5'>0.750000000000000</nm:val>
<nm:val nm:name='6'>1.00000000000000</nm:val>
<nm:val nm:name='7'>1000000.00000000</nm:val>
</nm:theta_ub>
<nm:estimation nm:number='1' nm:type='0'>
<nm:table_series>1</nm:table_series>
<nm:estimation_method>focei</nm:estimation_method>
<nm:estimation_title>First Order Conditional Estimation with Interaction</nm:estimation_title>
<nm:estimation_information><![CDATA[
 ESTIMATION STEP OMITTED:                 NO
 ANALYSIS TYPE:                           POPULATION
 NUMBER OF SADDLE POINT RESET ITERATIONS:      0
 GRADIENT METHOD USED:               NOSLOW
 CONDITIONAL ESTIMATES USED:              YES
 CENTERED ETA:                            NO
 EPS-ETA INTERACTION:                     YES
 LAPLACIAN OBJ. FUNC.:                    NO
 NO. OF FUNCT. EVALS. ALLOWED:            9999
 NO. OF SIG. FIGURES REQUIRED:            3
 INTERMEDIATE PRINTOUT:                   YES
 ESTIMATE OUTPUT TO MSF:                  NO
 ABORT WITH PRED EXIT CODE 1:             NO
 IND. OBJ. FUNC. VALUES SORTED:           NO
 NUMERICAL DERIVATIVE
       FILE REQUEST (NUMDER):               NONE
 MAP (ETAHAT) ESTIMATION METHOD (OPTMAP):   0
 ETA HESSIAN EVALUATION METHOD (ETADER):    0
 INITIAL ETA FOR MAP ESTIMATION (MCETA):    0
 SIGDIGITS FOR MAP ESTIMATION (SIGLO):      100
 GRADIENT SIGDIGITS OF
       FIXED EFFECTS PARAMETERS (SIGL):     100
 NOPRIOR SETTING (NOPRIOR):                 0
 NOCOV SETTING (NOCOV):                     OFF
 DERCONT SETTING (DERCONT):                 OFF
 FINAL ETA RE-EVALUATION (FNLETA):          1
 EXCLUDE NON-INFLUENTIAL (NON-INFL.) ETAS
       IN SHRINKAGE (ETASTYPE):             NO
 NON-INFL. ETA CORRECTION (NONINFETA):      0
 RAW OUTPUT FILE (FILE): run025.ext
 EXCLUDE TITLE (NOTITLE):                   NO
 EXCLUDE COLUMN LABELS (NOLABEL):           NO
 FORMAT FOR ADDITIONAL FILES (FORMAT):      S1PE12.5
 PARAMETER ORDER FOR OUTPUTS (ORDER):       TSOL
 KNUTHSUMOFF:                               0
 INCLUDE LNTWOPI:                           NO
 INCLUDE CONSTANT TERM TO PRIOR (PRIORC):   NO
 INCLUDE CONSTANT TERM TO OMEGA (ETA) (OLNTWOPI):NO
 ADDITIONAL CONVERGENCE TEST (CTYPE=4)?:    NO
 EM OR BAYESIAN METHOD USED:                 NONE

]]></nm:estimation_information>
<nm:estimation_options
 nm:estim_omitted='no' nm:analysis_type='pop' nm:saddle_reset='0' nm:saddle_hess='0' nm:slow_gradient='noslow'
 nm:cond_estim='yes' nm:centered_eta='no' nm:epseta_interaction='yes' nm:laplace='no' nm:predflag='0' nm:maxfn='9999'
 nm:nsig='3' nm:msfo='no' nm:abort='no' nm:objsort='no' nm:numder='0' nm:optmap='0' nm:etader='0' nm:mceta='0' nm:siglo='100'
 nm:sigl='100' nm:noprior='0' nm:nocov='0' nm:dercont='0' nm:atol='0' nm:fnleta='1' nm:etastype='0' nm:noninfeta='0'
 nm:file='run025.ext' nm:notitle='0' nm:nolabel='0' nm:format='s1pe12.5' nm:order='tsol' nm:knuthsumoff='0'
 nm:lntwopi='0' nm:priorc='0' nm:olntwopi='0' nm:ctype='0'
/>
<nm:monitor>
<nm:obj nm:iteration='0'>-13679.6482216533</nm:obj>
<nm:obj nm:iteration='10'>-13939.8917862056</nm:obj>
<nm:obj nm:iteration='17'>-13940.5864188288</nm:obj>
</nm:monitor>
<nm:termination_status>0</nm:termination_status>
<nm:termination_nfuncevals>189</nm:termination_nfuncevals>
<nm:termination_sigdigits>3.75889964134359</nm:termination_sigdigits>
<nm:termination_information><![CDATA[
0MINIMIZATION SUCCESSFUL
 NO. OF FUNCTION EVALUATIONS USED:      189
 NO. OF SIG. DIGITS IN FINAL EST.:  3.8
]]></nm:termination_information>
<nm:termination_txtmsg>
<nm:val nm:name='1'>37</nm:val>
</nm:termination_txtmsg>
<nm:etabar>
<nm:row nm:rname='SUBPOP1'>
<nm:col nm:cname='ETA1'>1.768600898950035E-003</nm:col>
<nm:col nm:cname='ETA2'>-2.812149785051092E-002</nm:col>
<nm:col nm:cname='ETA3'>-4.612307924203324E-002</nm:col>
</nm:row>
</nm:etabar>
<nm:etabarse>
<nm:row nm:rname='SUBPOP1'>
<nm:col nm:cname='ETA1'>6.522533493871150E-003</nm:col>
<nm:col nm:cname='ETA2'>4.244148970112512E-003</nm:col>
<nm:col nm:cname='ETA3'>1.155114680266372E-002</nm:col>
</nm:row>
</nm:etabarse>
<nm:etabarn>
<nm:row nm:rname='SUBPOP1'>
<nm:col nm:cname='ETA1'>1248</nm:col>
<nm:col nm:cname='ETA2'>1248</nm:col>
<nm:col nm:cname='ETA3'>1248</nm:col>
</nm:row>
</nm:etabarn>
<nm:etabarpval>
<nm:row nm:rname='SUBPOP1'>
<nm:col nm:cname='ETA1'>0.786273904221410</nm:col>
<nm:col nm:cname='ETA2'>3.468630787013260E-011</nm:col>
<nm:col nm:cname='ETA3'>6.528820790970622E-005</nm:col>
</nm:row>
</nm:etabarpval>
<nm:etashrinksd>
<nm:row nm:rname='SUBPOP1'>
<nm:col nm:cname='ETA1'>12.2679308668919</nm:col>
<nm:col nm:cname='ETA2'>53.8489120828295</nm:col>
<nm:col nm:cname='ETA3'>54.1681662533202</nm:col>
</nm:row>
</nm:etashrinksd>
<nm:etashrinkvr>
<nm:row nm:rname='SUBPOP1'>
<nm:col nm:cname='ETA1'>23.0308404562353</nm:col>
<nm:col nm:cname='ETA2'>78.7007708406160</nm:col>
<nm:col nm:cname='ETA3'>78.9944301541670</nm:col>
</nm:row>
</nm:etashrinkvr>
<nm:ebvshrinksd>
<nm:row nm:rname='SUBPOP1'>
<nm:col nm:cname='EBV1'>12.4418328958772</nm:col>
<nm:col nm:cname='EBV2'>55.2063248257553</nm:col>
<nm:col nm:cname='EBV3'>53.0457133704778</nm:col>
</nm:row>
</nm:ebvshrinksd>
<nm:ebvshrinkvr>
<nm:row nm:rname='SUBPOP1'>
<nm:col nm:cname='EBV1'>23.3356737336651</nm:col>
<nm:col nm:cname='EBV2'>79.9352666438426</nm:col>
<nm:col nm:cname='EBV3'>77.9529496711267</nm:col>
</nm:row>
</nm:ebvshrinkvr>
<nm:relativeinf>
<nm:row nm:rname='SUBPOP1'>
<nm:col nm:cname='REL1'>75.7001222773598</nm:col>
<nm:col nm:cname='REL2'>17.1156009844235</nm:col>
<nm:col nm:cname='REL3'>19.0048800575706</nm:col>
</nm:row>
</nm:relativeinf>
<nm:epsshrinksd>
<nm:row nm:rname='SUBPOP1'>
<nm:col nm:cname='EPS1'>12.4210857850053</nm:col>
</nm:row>
</nm:epsshrinksd>
<nm:epsshrinkvr>
<nm:row nm:rname='SUBPOP1'>
<nm:col nm:cname='EPS1'>23.2993378492259</nm:col>
</nm:row>
</nm:epsshrinkvr>
<nm:estimation_elapsed_time>10.19</nm:estimation_elapsed_time>
<nm:covariance_information><![CDATA[
]]></nm:covariance_information>
<nm:covariance_status nm:error='0' nm:numnegeigenvalues='-1' nm:mineigenvalue='0.000000000000000E+000' nm:maxeigenvalue='0.000000000000000E+000' nm:rms='0.000000000000000E+000'/>
<nm:covariance_elapsed_time>8.12</nm:covariance_elapsed_time>
<nm:final_objective_function_text>MINIMUM VALUE OF OBJECTIVE FUNCTION</nm:final_objective_function_text>
<nm:final_objective_function>-13940.5864188288</nm:final_objective_function>
<nm:theta>
<nm:val nm:name='1'>0.208364214403289</nm:val>
<nm:val nm:name='2'>3.60532865063537</nm:val>
<nm:val nm:name='3'>51.1478851616643</nm:val>
<nm:val nm:name='4'>1.39093377520427</nm:val>
<nm:val nm:name='5'>0.750000000000000</nm:val>
<nm:val nm:name='6'>1.00000000000000</nm:val>
<nm:val nm:name='7'>0.324632838032527</nm:val>
</nm:theta>
<nm:omega>
<nm:row nm:rname='1'>
<nm:col nm:cname='1'>6.903647507880212E-002</nm:col>
</nm:row>
<nm:row nm:rname='2'>
<nm:col nm:cname='1'>0.000000000000000E+000</nm:col>
<nm:col nm:cname='2'>0.105628246340311</nm:col>
</nm:row>
<nm:row nm:rname='3'>
<nm:col nm:cname='1'>0.000000000000000E+000</nm:col>
<nm:col nm:cname='2'>0.000000000000000E+000</nm:col>
<nm:col nm:cname='3'>0.793374899141132</nm:col>
</nm:row>
</nm:omega>
<nm:sigma>
<nm:row nm:rname='1'>
<nm:col nm:cname='1'>1.00000000000000</nm:col>
</nm:row>
</nm:sigma>
<nm:omegac>
<nm:row nm:rname='1'>
<nm:col nm:cname='1'>0.262747930684149</nm:col>
</nm:row>
<nm:row nm:rname='2'>
<nm:col nm:cname='1'>0.000000000000000E+000</nm:col>
<nm:col nm:cname='2'>0.325004994331335</nm:col>
</nm:row>
<nm:row nm:rname='3'>
<nm:col nm:cname='1'>0.000000000000000E+000</nm:col>
<nm:col nm:cname='2'>0.000000000000000E+000</nm:col>
<nm:col nm:cname='3'>0.890715947505787</nm:col>
</nm:row>
</nm:omegac>
<nm:sigmac>
<nm:row nm:rname='1'>
<nm:col nm:cname='1'>1.00000000000000</nm:col>
</nm:row>
</nm:sigmac>
<nm:thetase>
<nm:val nm:name='1'>2.398633279093140E-003</nm:val>
<nm:val nm:name='2'>4.209131179828990E-002</nm:val>
<nm:val nm:name='3'>1.41717381266532</nm:val>
<nm:val nm:name='4'>7.612903876414988E-002</nm:val>
<nm:val nm:name='5'>10000000000.0000</nm:val>
<nm:val nm:name='6'>10000000000.0000</nm:val>
<nm:val nm:name='7'>1.683438648050726E-002</nm:val>
</nm:thetase>
<nm:omegase>
<nm:row nm:rname='1'>
<nm:col nm:cname='1'>3.749175639470830E-003</nm:col>
</nm:row>
<nm:row nm:rname='2'>
<nm:col nm:cname='1'>10000000000.0000</nm:col>
<nm:col nm:cname='2'>1.947942379925489E-002</nm:col>
</nm:row>
<nm:row nm:rname='3'>
<nm:col nm:cname='1'>10000000000.0000</nm:col>
<nm:col nm:cname='2'>10000000000.0000</nm:col>
<nm:col nm:cname='3'>0.134129532527494</nm:col>
</nm:row>
</nm:omegase>
<nm:sigmase>
<nm:row nm:rname='1'>
<nm:col nm:cname='1'>10000000000.0000</nm:col>
</nm:row>
</nm:sigmase>
<nm:omegacse>
<nm:row nm:rname='1'>
<nm:col nm:cname='1'>7.134548366772383E-003</nm:col>
</nm:row>
<nm:row nm:rname='2'>
<nm:col nm:cname='1'>10000000000.0000</nm:col>
<nm:col nm:cname='2'>2.996788378488124E-002</nm:col>
</nm:row>
<nm:row nm:rname='3'>
<nm:col nm:cname='1'>10000000000.0000</nm:col>
<nm:col nm:cname='2'>10000000000.0000</nm:col>
<nm:col nm:cname='3'>7.529310152304361E-002</nm:col>
</nm:row>
</nm:omegacse>
<nm:sigmacse>
<nm:row nm:rname='1'>
<nm:col nm:cname='1'>10000000000.0000</nm:col>
</nm:row>
</nm:sigmacse>
<nm:covariance>
<nm:row nm:rname='THETA1'>
<nm:col nm:cname='THETA1'>5.753441607573108E-006</nm:col>
</nm:row>
<nm:row nm:rname='THETA2'>
<nm:col nm:cname='THETA1'>5.155514729857158E-006</nm:col>
<nm:col nm:cname='THETA2'>1.771678528900858E-003</nm:col>
</nm:row>
<nm:row nm:rname='THETA3'>
<nm:col nm:cname='THETA1'>5.477355112924771E-004</nm:col>
<nm:col nm:cname='THETA2'>-9.795178646251734E-003</nm:col>
<nm:col nm:cname='THETA3'>2.00838161530436</nm:col>
</nm:row>
<nm:row nm:rname='THETA4'>
<nm:col nm:cname='THETA1'>1.094639090974691E-005</nm:col>
<nm:col nm:cname='THETA2'>-3.661113712532432E-004</nm:col>
<nm:col nm:cname='THETA3'>4.242945141375520E-002</nm:col>
<nm:col nm:cname='THETA4'>5.795630543153435E-003</nm:col>
</nm:row>
<nm:row nm:rname='THETA5'>
<nm:col nm:cname='THETA1'>0.000000000000000E+000</nm:col>
<nm:col nm:cname='THETA2'>0.000000000000000E+000</nm:col>
<nm:col nm:cname='THETA3'>0.000000000000000E+000</nm:col>
<nm:col nm:cname='THETA4'>0.000000000000000E+000</nm:col>
<nm:col nm:cname='THETA5'>0.000000000000000E+000</nm:col>
</nm:row>
<nm:row nm:rname='THETA6'>
<nm:col nm:cname='THETA1'>0.000000000000000E+000</nm:col>
<nm:col nm:cname='THETA2'>0.000000000000000E+000</nm:col>
<nm:col nm:cname='THETA3'>0.000000000000000E+000</nm:col>
<nm:col nm:cname='THETA4'>0.000000000000000E+000</nm:col>
<nm:col nm:cname='THETA5'>0.000000000000000E+000</nm:col>
<nm:col nm:cname='THETA6'>0.000000000000000E+000</nm:col>
</nm:row>
<nm:row nm:rname='THETA7'>
<nm:col nm:cname='THETA1'>-1.263163338204450E-006</nm:col>
<nm:col nm:cname='THETA2'>-4.828111467559651E-004</nm:col>
<nm:col nm:cname='THETA3'>2.168095783916806E-003</nm:col>
<nm:col nm:cname='THETA4'>9.300534679215265E-005</nm:col>
<nm:col nm:cname='THETA5'>0.000000000000000E+000</nm:col>
<nm:col nm:cname='THETA6'>0.000000000000000E+000</nm:col>
<nm:col nm:cname='THETA7'>2.833965681750855E-004</nm:col>
</nm:row>
<nm:row nm:rname='OMEGA(1,1)'>
<nm:col nm:cname='THETA1'>-1.999277293201047E-008</nm:col>
<nm:col nm:cname='THETA2'>1.155811270271783E-005</nm:col>
<nm:col nm:cname='THETA3'>-1.812332682412711E-004</nm:col>
<nm:col nm:cname='THETA4'>-1.855998093103630E-005</nm:col>
<nm:col nm:cname='THETA5'>0.000000000000000E+000</nm:col>
<nm:col nm:cname='THETA6'>0.000000000000000E+000</nm:col>
<nm:col nm:cname='THETA7'>-5.406084995883580E-006</nm:col>
<nm:col nm:cname='OMEGA(1,1)'>1.405631797560151E-005</nm:col>
</nm:row>
<nm:row nm:rname='OMEGA(1,2)'>
<nm:col nm:cname='THETA1'>0.000000000000000E+000</nm:col>
<nm:col nm:cname='THETA2'>0.000000000000000E+000</nm:col>
<nm:col nm:cname='THETA3'>0.000000000000000E+000</nm:col>
<nm:col nm:cname='THETA4'>0.000000000000000E+000</nm:col>
<nm:col nm:cname='THETA5'>0.000000000000000E+000</nm:col>
<nm:col nm:cname='THETA6'>0.000000000000000E+000</nm:col>
<nm:col nm:cname='THETA7'>0.000000000000000E+000</nm:col>
<nm:col nm:cname='OMEGA(1,1)'>0.000000000000000E+000</nm:col>
<nm:col nm:cname='OMEGA(1,2)'>0.000000000000000E+000</nm:col>
</nm:row>
<nm:row nm:rname='OMEGA(1,3)'>
<nm:col nm:cname='THETA1'>0.000000000000000E+000</nm:col>
<nm:col nm:cname='THETA2'>0.000000000000000E+000</nm:col>
<nm:col nm:cname='THETA3'>0.000000000000000E+000</nm:col>
<nm:col nm:cname='THETA4'>0.000000000000000E+000</nm:col>
<nm:col nm:cname='THETA5'>0.000000000000000E+000</nm:col>
<nm:col nm:cname='THETA6'>0.000000000000000E+000</nm:col>
<nm:col nm:cname='THETA7'>0.000000000000000E+000</nm:col>
<nm:col nm:cname='OMEGA(1,1)'>0.000000000000000E+000</nm:col>
<nm:col nm:cname='OMEGA(1,2)'>0.000000000000000E+000</nm:col>
<nm:col nm:cname='OMEGA(1,3)'>0.000000000000000E+000</nm:col>
</nm:row>
<nm:row nm:rname='OMEGA(2,2)'>
<nm:col nm:cname='THETA1'>-9.622714261518527E-007</nm:col>
<nm:col nm:cname='THETA2'>-8.141618977589389E-005</nm:col>
<nm:col nm:cname='THETA3'>1.539053124263847E-002</nm:col>
<nm:col nm:cname='THETA4'>3.972885348468312E-004</nm:col>
<nm:col nm:cname='THETA5'>0.000000000000000E+000</nm:col>
<nm:col nm:cname='THETA6'>0.000000000000000E+000</nm:col>
<nm:col nm:cname='THETA7'>5.852673608692748E-006</nm:col>
<nm:col nm:cname='OMEGA(1,1)'>-1.288359824621023E-005</nm:col>
<nm:col nm:cname='OMEGA(1,2)'>0.000000000000000E+000</nm:col>
<nm:col nm:cname='OMEGA(1,3)'>0.000000000000000E+000</nm:col>
<nm:col nm:cname='OMEGA(2,2)'>3.794479515509776E-004</nm:col>
</nm:row>
<nm:row nm:rname='OMEGA(2,3)'>
<nm:col nm:cname='THETA1'>0.000000000000000E+000</nm:col>
<nm:col nm:cname='THETA2'>0.000000000000000E+000</nm:col>
<nm:col nm:cname='THETA3'>0.000000000000000E+000</nm:col>
<nm:col nm:cname='THETA4'>0.000000000000000E+000</nm:col>
<nm:col nm:cname='THETA5'>0.000000000000000E+000</nm:col>
<nm:col nm:cname='THETA6'>0.000000000000000E+000</nm:col>
<nm:col nm:cname='THETA7'>0.000000000000000E+000</nm:col>
<nm:col nm:cname='OMEGA(1,1)'>0.000000000000000E+000</nm:col>
<nm:col nm:cname='OMEGA(1,2)'>0.000000000000000E+000</nm:col>
<nm:col nm:cname='OMEGA(1,3)'>0.000000000000000E+000</nm:col>
<nm:col nm:cname='OMEGA(2,2)'>0.000000000000000E+000</nm:col>
<nm:col nm:cname='OMEGA(2,3)'>0.000000000000000E+000</nm:col>
</nm:row>
<nm:row nm:rname='OMEGA(3,3)'>
<nm:col nm:cname='THETA1'>-5.229512869710992E-005</nm:col>
<nm:col nm:cname='THETA2'>-7.165048754464804E-005</nm:col>
<nm:col nm:cname='THETA3'>-5.709002448836654E-002</nm:col>
<nm:col nm:cname='THETA4'>-1.559635687575534E-004</nm:col>
<nm:col nm:cname='THETA5'>0.000000000000000E+000</nm:col>
<nm:col nm:cname='THETA6'>0.000000000000000E+000</nm:col>
<nm:col nm:cname='THETA7'>-5.046283035253482E-005</nm:col>
<nm:col nm:cname='OMEGA(1,1)'>-3.063063144071150E-006</nm:col>
<nm:col nm:cname='OMEGA(1,2)'>0.000000000000000E+000</nm:col>
<nm:col nm:cname='OMEGA(1,3)'>0.000000000000000E+000</nm:col>
<nm:col nm:cname='OMEGA(2,2)'>-1.010937650256077E-003</nm:col>
<nm:col nm:cname='OMEGA(2,3)'>0.000000000000000E+000</nm:col>
<nm:col nm:cname='OMEGA(3,3)'>1.799073149604418E-002</nm:col>
</nm:row>
<nm:row nm:rname='SIGMA(1,1)'>
<nm:col nm:cname='THETA1'>0.000000000000000E+000</nm:col>
<nm:col nm:cname='THETA2'>0.000000000000000E+000</nm:col>
<nm:col nm:cname='THETA3'>0.000000000000000E+000</nm:col>
<nm:col nm:cname='THETA4'>0.000000000000000E+000</nm:col>
<nm:col nm:cname='THETA5'>0.000000000000000E+000</nm:col>
<nm:col nm:cname='THETA6'>0.000000000000000E+000</nm:col>
<nm:col nm:cname='THETA7'>0.000000000000000E+000</nm:col>
<nm:col nm:cname='OMEGA(1,1)'>0.000000000000000E+000</nm:col>
<nm:col nm:cname='OMEGA(1,2)'>0.000000000000000E+000</nm:col>
<nm:col nm:cname='OMEGA(1,3)'>0.000000000000000E+000</nm:col>
<nm:col nm:cname='OMEGA(2,2)'>0.000000000000000E+000</nm:col>
<nm:col nm:cname='OMEGA(2,3)'>0.000000000000000E+000</nm:col>
<nm:col nm:cname='OMEGA(3,3)'>0.000000000000000E+000</nm:col>
<nm:col nm:cname='SIGMA(1,1)'>0.000000000000000E+000</nm:col>
</nm:row>
</nm:covariance>
<nm:correlation>
<nm:row nm:rname='THETA1'>
<nm:col nm:cname='THETA1'>2.398633279093140E-003</nm:col>
</nm:row>
<nm:row nm:rname='THETA2'>
<nm:col nm:cname='THETA1'>5.106410402818821E-002</nm:col>
<nm:col nm:cname='THETA2'>4.209131179828990E-002</nm:col>
</nm:row>
<nm:row nm:rname='THETA3'>
<nm:col nm:cname='THETA1'>0.161132789266098</nm:col>
<nm:col nm:cname='THETA2'>-0.164208933919578</nm:col>
<nm:col nm:cname='THETA3'>1.41717381266532</nm:col>
</nm:row>
<nm:row nm:rname='THETA4'>
<nm:col nm:cname='THETA1'>5.994552280512155E-002</nm:col>
<nm:col nm:cname='THETA2'>-0.114253736214690</nm:col>
<nm:col nm:cname='THETA3'>0.393272837616422</nm:col>
<nm:col nm:cname='THETA4'>7.612903876414988E-002</nm:col>
</nm:row>
<nm:row nm:rname='THETA5'>
<nm:col nm:cname='THETA1'>0.000000000000000E+000</nm:col>
<nm:col nm:cname='THETA2'>0.000000000000000E+000</nm:col>
<nm:col nm:cname='THETA3'>0.000000000000000E+000</nm:col>
<nm:col nm:cname='THETA4'>0.000000000000000E+000</nm:col>
<nm:col nm:cname='THETA5'>0.000000000000000E+000</nm:col>
</nm:row>
<nm:row nm:rname='THETA6'>
<nm:col nm:cname='THETA1'>0.000000000000000E+000</nm:col>
<nm:col nm:cname='THETA2'>0.000000000000000E+000</nm:col>
<nm:col nm:cname='THETA3'>0.000000000000000E+000</nm:col>
<nm:col nm:cname='THETA4'>0.000000000000000E+000</nm:col>
<nm:col nm:cname='THETA5'>0.000000000000000E+000</nm:col>
<nm:col nm:cname='THETA6'>0.000000000000000E+000</nm:col>
</nm:row>
<nm:row nm:rname='THETA7'>
<nm:col nm:cname='THETA1'>-3.128227748377185E-002</nm:col>
<nm:col nm:cname='THETA2'>-0.681377100427303</nm:col>
<nm:col nm:cname='THETA3'>9.087785188682918E-002</nm:col>
<nm:col nm:cname='THETA4'>7.257052698573244E-002</nm:col>
<nm:col nm:cname='THETA5'>0.000000000000000E+000</nm:col>
<nm:col nm:cname='THETA6'>0.000000000000000E+000</nm:col>
<nm:col nm:cname='THETA7'>1.683438648050726E-002</nm:col>
</nm:row>
<nm:row nm:rname='OMEGA(1,1)'>
<nm:col nm:cname='THETA1'>-2.223173679604787E-003</nm:col>
<nm:col nm:cname='THETA2'>7.324174408013022E-002</nm:col>
<nm:col nm:cname='THETA3'>-3.410978776592512E-002</nm:col>
<nm:col nm:cname='THETA4'>-6.502665180194162E-002</nm:col>
<nm:col nm:cname='THETA5'>0.000000000000000E+000</nm:col>
<nm:col nm:cname='THETA6'>0.000000000000000E+000</nm:col>
<nm:col nm:cname='THETA7'>-8.565442215985983E-002</nm:col>
<nm:col nm:cname='OMEGA(1,1)'>3.749175639470830E-003</nm:col>
</nm:row>
<nm:row nm:rname='OMEGA(1,2)'>
<nm:col nm:cname='THETA1'>0.000000000000000E+000</nm:col>
<nm:col nm:cname='THETA2'>0.000000000000000E+000</nm:col>
<nm:col nm:cname='THETA3'>0.000000000000000E+000</nm:col>
<nm:col nm:cname='THETA4'>0.000000000000000E+000</nm:col>
<nm:col nm:cname='THETA5'>0.000000000000000E+000</nm:col>
<nm:col nm:cname='THETA6'>0.000000000000000E+000</nm:col>
<nm:col nm:cname='THETA7'>0.000000000000000E+000</nm:col>
<nm:col nm:cname='OMEGA(1,1)'>0.000000000000000E+000</nm:col>
<nm:col nm:cname='OMEGA(1,2)'>0.000000000000000E+000</nm:col>
</nm:row>
<nm:row nm:rname='OMEGA(1,3)'>
<nm:col nm:cname='THETA1'>0.000000000000000E+000</nm:col>
<nm:col nm:cname='THETA2'>0.000000000000000E+000</nm:col>
<nm:col nm:cname='THETA3'>0.000000000000000E+000</nm:col>
<nm:col nm:cname='THETA4'>0.000000000000000E+000</nm:col>
<nm:col nm:cname='THETA5'>0.000000000000000E+000</nm:col>
<nm:col nm:cname='THETA6'>0.000000000000000E+000</nm:col>
<nm:col nm:cname='THETA7'>0.000000000000000E+000</nm:col>
<nm:col nm:cname='OMEGA(1,1)'>0.000000000000000E+000</nm:col>
<nm:col nm:cname='OMEGA(1,2)'>0.000000000000000E+000</nm:col>
<nm:col nm:cname='OMEGA(1,3)'>0.000000000000000E+000</nm:col>
</nm:row>
<nm:row nm:rname='OMEGA(2,2)'>
<nm:col nm:cname='THETA1'>-2.059480237058279E-002</nm:col>
<nm:col nm:cname='THETA2'>-9.929838989052925E-002</nm:col>
<nm:col nm:cname='THETA3'>0.557512213449120</nm:col>
<nm:col nm:cname='THETA4'>0.267904235394378</nm:col>
<nm:col nm:cname='THETA5'>0.000000000000000E+000</nm:col>
<nm:col nm:cname='THETA6'>0.000000000000000E+000</nm:col>
<nm:col nm:cname='THETA7'>1.784764444067708E-002</nm:col>
<nm:col nm:cname='OMEGA(1,1)'>-0.176410845226628</nm:col>
<nm:col nm:cname='OMEGA(1,2)'>0.000000000000000E+000</nm:col>
<nm:col nm:cname='OMEGA(1,3)'>0.000000000000000E+000</nm:col>
<nm:col nm:cname='OMEGA(2,2)'>1.947942379925489E-002</nm:col>
</nm:row>
<nm:row nm:rname='OMEGA(2,3)'>
<nm:col nm:cname='THETA1'>0.000000000000000E+000</nm:col>
<nm:col nm:cname='THETA2'>0.000000000000000E+000</nm:col>
<nm:col nm:cname='THETA3'>0.000000000000000E+000</nm:col>
<nm:col nm:cname='THETA4'>0.000000000000000E+000</nm:col>
<nm:col nm:cname='THETA5'>0.000000000000000E+000</nm:col>
<nm:col nm:cname='THETA6'>0.000000000000000E+000</nm:col>
<nm:col nm:cname='THETA7'>0.000000000000000E+000</nm:col>
<nm:col nm:cname='OMEGA(1,1)'>0.000000000000000E+000</nm:col>
<nm:col nm:cname='OMEGA(1,2)'>0.000000000000000E+000</nm:col>
<nm:col nm:cname='OMEGA(1,3)'>0.000000000000000E+000</nm:col>
<nm:col nm:cname='OMEGA(2,2)'>0.000000000000000E+000</nm:col>
<nm:col nm:cname='OMEGA(2,3)'>0.000000000000000E+000</nm:col>
</nm:row>
<nm:row nm:rname='OMEGA(3,3)'>
<nm:col nm:cname='THETA1'>-0.162544758761954</nm:col>
<nm:col nm:cname='THETA2'>-1.269118801149875E-002</nm:col>
<nm:col nm:cname='THETA3'>-0.300339670329999</nm:col>
<nm:col nm:cname='THETA4'>-1.527384598085688E-002</nm:col>
<nm:col nm:cname='THETA5'>0.000000000000000E+000</nm:col>
<nm:col nm:cname='THETA6'>0.000000000000000E+000</nm:col>
<nm:col nm:cname='THETA7'>-2.234857831775204E-002</nm:col>
<nm:col nm:cname='OMEGA(1,1)'>-6.091100318635352E-003</nm:col>
<nm:col nm:cname='OMEGA(1,2)'>0.000000000000000E+000</nm:col>
<nm:col nm:cname='OMEGA(1,3)'>0.000000000000000E+000</nm:col>
<nm:col nm:cname='OMEGA(2,2)'>-0.386922383069280</nm:col>
<nm:col nm:cname='OMEGA(2,3)'>0.000000000000000E+000</nm:col>
<nm:col nm:cname='OMEGA(3,3)'>0.134129532527494</nm:col>
</nm:row>
<nm:row nm:rname='SIGMA(1,1)'>
<nm:col nm:cname='THETA1'>0.000000000000000E+000</nm:col>
<nm:col nm:cname='THETA2'>0.000000000000000E+000</nm:col>
<nm:col nm:cname='THETA3'>0.000000000000000E+000</nm:col>
<nm:col nm:cname='THETA4'>0.000000000000000E+000</nm:col>
<nm:col nm:cname='THETA5'>0.000000000000000E+000</nm:col>
<nm:col nm:cname='THETA6'>0.000000000000000E+000</nm:col>
<nm:col nm:cname='THETA7'>0.000000000000000E+000</nm:col>
<nm:col nm:cname='OMEGA(1,1)'>0.000000000000000E+000</nm:col>
<nm:col nm:cname='OMEGA(1,2)'>0.000000000000000E+000</nm:col>
<nm:col nm:cname='OMEGA(1,3)'>0.000000000000000E+000</nm:col>
<nm:col nm:cname='OMEGA(2,2)'>0.000000000000000E+000</nm:col>
<nm:col nm:cname='OMEGA(2,3)'>0.000000000000000E+000</nm:col>
<nm:col nm:cname='OMEGA(3,3)'>0.000000000000000E+000</nm:col>
<nm:col nm:cname='SIGMA(1,1)'>0.000000000000000E+000</nm:col>
</nm:row>
</nm:correlation>
<nm:invcovariance>
<nm:row nm:rname='THETA1'>
<nm:col nm:cname='THETA1'>188330.910539972</nm:col>
</nm:row>
<nm:row nm:rname='THETA2'>
<nm:col nm:cname='THETA1'>-623.055709404431</nm:col>
<nm:col nm:cname='THETA2'>1091.41493533293</nm:col>
</nm:row>
<nm:row nm:rname='THETA3'>
<nm:col nm:cname='THETA1'>-73.8129097459397</nm:col>
<nm:col nm:cname='THETA2'>2.92500941192643</nm:col>
<nm:col nm:cname='THETA3'>0.860929104908856</nm:col>
</nm:row>
<nm:row nm:rname='THETA4'>
<nm:col nm:cname='THETA1'>-195.865341648156</nm:col>
<nm:col nm:cname='THETA2'>10.2704731739944</nm:col>
<nm:col nm:cname='THETA3'>-4.05895339127391</nm:col>
<nm:col nm:cname='THETA4'>209.985726151528</nm:col>
</nm:row>
<nm:row nm:rname='THETA5'>
<nm:col nm:cname='THETA1'>0.000000000000000E+000</nm:col>
<nm:col nm:cname='THETA2'>0.000000000000000E+000</nm:col>
<nm:col nm:cname='THETA3'>0.000000000000000E+000</nm:col>
<nm:col nm:cname='THETA4'>0.000000000000000E+000</nm:col>
<nm:col nm:cname='THETA5'>0.000000000000000E+000</nm:col>
</nm:row>
<nm:row nm:rname='THETA6'>
<nm:col nm:cname='THETA1'>0.000000000000000E+000</nm:col>
<nm:col nm:cname='THETA2'>0.000000000000000E+000</nm:col>
<nm:col nm:cname='THETA3'>0.000000000000000E+000</nm:col>
<nm:col nm:cname='THETA4'>0.000000000000000E+000</nm:col>
<nm:col nm:cname='THETA5'>0.000000000000000E+000</nm:col>
<nm:col nm:cname='THETA6'>0.000000000000000E+000</nm:col>
</nm:row>
<nm:row nm:rname='THETA7'>
<nm:col nm:cname='THETA1'>496.736712781248</nm:col>
<nm:col nm:cname='THETA2'>1832.26302083063</nm:col>
<nm:col nm:cname='THETA3'>-0.289790200007506</nm:col>
<nm:col nm:cname='THETA4'>-20.0439210375148</nm:col>
<nm:col nm:cname='THETA5'>0.000000000000000E+000</nm:col>
<nm:col nm:cname='THETA6'>0.000000000000000E+000</nm:col>
<nm:col nm:cname='THETA7'>6689.53895907262</nm:col>
</nm:row>
<nm:row nm:rname='OMEGA(1,1)'>
<nm:col nm:cname='THETA1'>4773.22681889824</nm:col>
<nm:col nm:cname='THETA2'>-7.45061564332527</nm:col>
<nm:col nm:cname='THETA3'>-22.9619490606173</nm:col>
<nm:col nm:cname='THETA4'>118.403432282539</nm:col>
<nm:col nm:cname='THETA5'>0.000000000000000E+000</nm:col>
<nm:col nm:cname='THETA6'>0.000000000000000E+000</nm:col>
<nm:col nm:cname='THETA7'>1530.78143364192</nm:col>
<nm:col nm:cname='OMEGA(1,1)'>75130.5002055456</nm:col>
</nm:row>
<nm:row nm:rname='OMEGA(1,2)'>
<nm:col nm:cname='THETA1'>0.000000000000000E+000</nm:col>
<nm:col nm:cname='THETA2'>0.000000000000000E+000</nm:col>
<nm:col nm:cname='THETA3'>0.000000000000000E+000</nm:col>
<nm:col nm:cname='THETA4'>0.000000000000000E+000</nm:col>
<nm:col nm:cname='THETA5'>0.000000000000000E+000</nm:col>
<nm:col nm:cname='THETA6'>0.000000000000000E+000</nm:col>
<nm:col nm:cname='THETA7'>0.000000000000000E+000</nm:col>
<nm:col nm:cname='OMEGA(1,1)'>0.000000000000000E+000</nm:col>
<nm:col nm:cname='OMEGA(1,2)'>0.000000000000000E+000</nm:col>
</nm:row>
<nm:row nm:rname='OMEGA(1,3)'>
<nm:col nm:cname='THETA1'>0.000000000000000E+000</nm:col>
<nm:col nm:cname='THETA2'>0.000000000000000E+000</nm:col>
<nm:col nm:cname='THETA3'>0.000000000000000E+000</nm:col>
<nm:col nm:cname='THETA4'>0.000000000000000E+000</nm:col>
<nm:col nm:cname='THETA5'>0.000000000000000E+000</nm:col>
<nm:col nm:cname='THETA6'>0.000000000000000E+000</nm:col>
<nm:col nm:cname='THETA7'>0.000000000000000E+000</nm:col>
<nm:col nm:cname='OMEGA(1,1)'>0.000000000000000E+000</nm:col>
<nm:col nm:cname='OMEGA(1,2)'>0.000000000000000E+000</nm:col>
<nm:col nm:cname='OMEGA(1,3)'>0.000000000000000E+000</nm:col>
</nm:row>
<nm:row nm:rname='OMEGA(2,2)'>
<nm:col nm:cname='THETA1'>5323.43547232264</nm:col>
<nm:col nm:cname='THETA2'>141.249814480341</nm:col>
<nm:col nm:cname='THETA3'>-28.6640601466535</nm:col>
<nm:col nm:cname='THETA4'>-94.2735429925244</nm:col>
<nm:col nm:cname='THETA5'>0.000000000000000E+000</nm:col>
<nm:col nm:cname='THETA6'>0.000000000000000E+000</nm:col>
<nm:col nm:cname='THETA7'>525.696217590113</nm:col>
<nm:col nm:cname='OMEGA(1,1)'>3806.02034734407</nm:col>
<nm:col nm:cname='OMEGA(1,2)'>0.000000000000000E+000</nm:col>
<nm:col nm:cname='OMEGA(1,3)'>0.000000000000000E+000</nm:col>
<nm:col nm:cname='OMEGA(2,2)'>4546.12422956617</nm:col>
</nm:row>
<nm:row nm:rname='OMEGA(2,3)'>
<nm:col nm:cname='THETA1'>0.000000000000000E+000</nm:col>
<nm:col nm:cname='THETA2'>0.000000000000000E+000</nm:col>
<nm:col nm:cname='THETA3'>0.000000000000000E+000</nm:col>
<nm:col nm:cname='THETA4'>0.000000000000000E+000</nm:col>
<nm:col nm:cname='THETA5'>0.000000000000000E+000</nm:col>
<nm:col nm:cname='THETA6'>0.000000000000000E+000</nm:col>
<nm:col nm:cname='THETA7'>0.000000000000000E+000</nm:col>
<nm:col nm:cname='OMEGA(1,1)'>0.000000000000000E+000</nm:col>
<nm:col nm:cname='OMEGA(1,2)'>0.000000000000000E+000</nm:col>
<nm:col nm:cname='OMEGA(1,3)'>0.000000000000000E+000</nm:col>
<nm:col nm:cname='OMEGA(2,2)'>0.000000000000000E+000</nm:col>
<nm:col nm:cname='OMEGA(2,3)'>0.000000000000000E+000</nm:col>
</nm:row>
<nm:row nm:rname='OMEGA(3,3)'>
<nm:col nm:cname='THETA1'>610.368014333446</nm:col>
<nm:col nm:cname='THETA2'>24.9818315753240</nm:col>
<nm:col nm:cname='THETA3'>0.878474697922621</nm:col>
<nm:col nm:cname='THETA4'>-16.9218252189061</nm:col>
<nm:col nm:cname='THETA5'>0.000000000000000E+000</nm:col>
<nm:col nm:cname='THETA6'>0.000000000000000E+000</nm:col>
<nm:col nm:cname='THETA7'>56.2121249491711</nm:col>
<nm:col nm:cname='OMEGA(1,1)'>172.960024202186</nm:col>
<nm:col nm:cname='OMEGA(1,2)'>0.000000000000000E+000</nm:col>
<nm:col nm:cname='OMEGA(1,3)'>0.000000000000000E+000</nm:col>
<nm:col nm:cname='OMEGA(2,2)'>181.838608070045</nm:col>
<nm:col nm:cname='OMEGA(2,3)'>0.000000000000000E+000</nm:col>
<nm:col nm:cname='OMEGA(3,3)'>70.5038643863782</nm:col>
</nm:row>
<nm:row nm:rname='SIGMA(1,1)'>
<nm:col nm:cname='THETA1'>0.000000000000000E+000</nm:col>
<nm:col nm:cname='THETA2'>0.000000000000000E+000</nm:col>
<nm:col nm:cname='THETA3'>0.000000000000000E+000</nm:col>
<nm:col nm:cname='THETA4'>0.000000000000000E+000</nm:col>
<nm:col nm:cname='THETA5'>0.000000000000000E+000</nm:col>
<nm:col nm:cname='THETA6'>0.000000000000000E+000</nm:col>
<nm:col nm:cname='THETA7'>0.000000000000000E+000</nm:col>
<nm:col nm:cname='OMEGA(1,1)'>0.000000000000000E+000</nm:col>
<nm:col nm:cname='OMEGA(1,2)'>0.000000000000000E+000</nm:col>
<nm:col nm:cname='OMEGA(1,3)'>0.000000000000000E+000</nm:col>
<nm:col nm:cname='OMEGA(2,2)'>0.000000000000000E+000</nm:col>
<nm:col nm:cname='OMEGA(2,3)'>0.000000000000000E+000</nm:col>
<nm:col nm:cname='OMEGA(3,3)'>0.000000000000000E+000</nm:col>
<nm:col nm:cname='SIGMA(1,1)'>0.000000000000000E+000</nm:col>
</nm:row>
</nm:invcovariance>
<nm:eigenvalues>
<nm:val nm:name='1'>0.304589034431054</nm:val>
<nm:val nm:name='2'>0.368727134059636</nm:val>
<nm:val nm:name='3'>0.549535422174028</nm:val>
<nm:val nm:name='4'>0.954779424947408</nm:val>
<nm:val nm:name='5'>0.976840976739015</nm:val>
<nm:val nm:name='6'>1.05799591192802</nm:val>
<nm:val nm:name='7'>1.62730057439045</nm:val>
<nm:val nm:name='8'>2.16023152133039</nm:val>
</nm:eigenvalues>
</nm:estimation>
<nm:post_process_times>
<nm:post_elapsed_time>0.11</nm:post_elapsed_time>
<nm:finaloutput_elapsed_time>0.06</nm:finaloutput_elapsed_time>
</nm:post_process_times>
</nm:problem>
</nm:nonmem>
<nm:stop_datetime>2024-04-10T09:54:50.030</nm:stop_datetime>
<nm:total_cputime>8.109</nm:total_cputime>
</nm:output>
